d,z,tall,o3,pv,r,q,t,u,v,w,vo
-2.542807333333333e-06,327916.9,33438.21794333333,1.3335934333333332e-05,0.0004233316666666,0.0524445136666666,3.3775049666666665e-06,231.0468233333333,2.03410301,0.7373839866666666,0.0009602566666666,-8.056666666666667e-06
8.399033333333332e-07,328040.96,33450.86854333334,1.3358584666666669e-05,0.0004223533333333,0.0482135609999999,3.3775416666666666e-06,231.34269,1.669186396666667,0.8981985913333332,0.0007748259999999,-5.11e-06
1.4631569666666664e-05,328038.4733333333,33450.61497333334,1.3375981666666665e-05,0.00041672,0.0465650183333333,3.3765821666666665e-06,231.0828,1.7479898233333333,1.7661939333333334,-0.0005430096666666,-4.32412e-06
-9.536109466666668e-06,328209.79333333333,33468.08475333333,1.3368846333333334e-05,0.0004197113333333,0.0408334343333333,3.380208e-06,232.20846333333336,1.512620173333333,3.6908286333333336,0.0005976423333333,-4.993604666666667e-06
-4.348640000000001e-06,328263.9,33473.602093333335,1.3376036666666668e-05,0.0004176013333333,0.0419353643333333,3.378157066666666e-06,231.96490333333333,1.4669313620000002,4.7826001,-0.001324181,-7.611721466666667e-06
-3.6105023333333328e-06,328227.12666666665,33469.852256666665,1.3386891666666664e-05,0.0004294589999999,0.042643605,3.3763950666666667e-06,231.85855666666663,1.9648691666666669,5.074831233333334,-0.0004715823333333,-7.049999999999999e-06
8.168824666666666e-06,328373.3133333333,33484.75915,1.34134345e-05,0.0004351803333333,0.0421219613333333,3.3744503e-06,231.6576333333333,3.536750166666667,4.976187666666667,-0.001371366,-4.021476066666667e-06
8.934303166666667e-06,328394.3333333333,33486.90259333333,1.33964315e-05,0.000439607,0.0449133866666666,3.3720841e-06,231.72396333333336,4.884768766666666,3.445562066666667,-0.000126458,-5.960560966666667e-06
4.004305666666666e-07,328572.51333333337,33505.07189666667,1.3381259e-05,0.0004475976666666,0.044318814,3.371757333333333e-06,232.37848666666665,5.7903081,1.5965122273333332,0.0005208086666666,-5.664965633333333e-06
-2.230841e-06,328618.78,33509.78978333333,1.3380731e-05,0.0004550986666666,0.0430425483333333,3.370863533333333e-06,232.67487,5.5846071,-0.0237896566666666,0.0005504687746666,-4.81e-06
3.059897233333334e-06,328662.08,33514.20515666666,1.3369948833333331e-05,0.000469072,0.042419455,3.370894466666667e-06,232.74469666666664,3.2001549333333337,-1.2546711333333334,-0.001226276,-3.4814763666666662e-06
8.081597233333332e-06,328572.6233333333,33505.083113333334,1.3362375e-05,0.0004592459999999,0.044754123,3.369311033333333e-06,232.27428333333333,2.1697434666666666,-1.3302081723333334,0.0010202533333333,-7.55e-06
5.771841000000001e-06,328573.98,33505.221456666666,1.3348316e-05,0.000457765,0.0438302763333333,3.3699252333333334e-06,232.57754,1.1401700666666663,-0.5032022666666668,0.0006686306666666,-1.0373333333333333e-05
-5.200104e-06,328683.88,33516.42813666666,1.3324632e-05,0.0004632969999999,0.0419369473333333,3.371120933333333e-06,233.32922666666664,0.1401768,-0.3271665523333333,0.001365838,-9.896666666666668e-06
-1.6945132933333332e-05,328645.54,33512.518546666666,1.3294096333333333e-05,0.000478876,0.0406528363333333,3.3726212666666666e-06,234.06111666666663,0.37896876,-0.0290761433333333,0.0014450189999999,-6.124951833333334e-06
-1.7033130333333333e-05,328684.79,33516.52093333333,1.3315846333333334e-05,0.0004862926666666,0.0383511543333333,3.3735029333333336e-06,234.15966666666668,0.8997471666666667,0.90839762,0.0003828936666666,7.330443333333336e-07
1.1964693333333347e-06,328657.4366666667,33513.73167,1.3365411666666667e-05,0.0004820873333333,0.0380471073333333,3.3720216666666667e-06,233.13176666666664,1.6316286666666666,1.6353248,-0.0028895616666666,4.820519633333333e-06
9.877914333333334e-06,328515.23,33499.23062333333,1.3365284333333332e-05,0.0004751359999999,0.0420782043333333,3.3690854666666667e-06,232.14933,2.015164066666667,1.434292,-0.0002073576666666,-1.2079339999999998e-06
1.463572866666667e-06,328458.17,33493.412123333335,1.3336920666666669e-05,0.0004701416666666,0.043212374,3.369334366666666e-06,232.52714666666668,2.53657052,0.4125892333333333,0.001784788,-4.898666666666667e-06
-4.7306653333333326e-08,328412.42,33488.74692,1.3345543833333332e-05,0.000463358,0.0413413833333333,3.3695196333333334e-06,232.66163666666668,2.878494313333333,0.1675177766666666,8.757066666666667e-05,-2.7769736666666664e-06
-8.262661333333333e-06,328498.48666666663,33497.52328,1.3345571333333334e-05,0.0004623293333333,0.0400951286666666,3.3695142e-06,232.81265666666664,2.9745499333333334,-0.1823003,0.0001606846666666,-2.9441245000000003e-06
3.2350406000000007e-06,328433.52,33490.89852333333,1.3338581666666667e-05,0.000462357,0.042831902,3.368434866666667e-06,232.27948666666663,3.045664766666667,-0.6994546000000001,-0.0017626453333333,-2.295811e-06
3.884720000000002e-06,328532.04,33500.94476666667,1.32799455e-05,0.0004741506666666,0.0447297116666666,3.3699579666666667e-06,232.2949433333333,2.5805364666666666,-1.0182362333333332,0.0042398613333333,-6.783099566666667e-06
-2.66655042e-06,328597.13333333336,33507.58244,1.3301034333333331e-05,0.000466767,0.0410969646666666,3.372621633333333e-06,232.62021666666664,2.6706604000000005,0.0421379566666667,0.001406148,-1.0826666666666667e-05
-1.9959826666666662e-06,328705.11666666664,33518.59367333333,1.3333344166666669e-05,0.0004569423333333,0.040693428,3.372346933333333e-06,232.0956233333333,3.1114397,0.294055266666667,0.000294781,-8.708666666666667e-06
-5.573333333333333e-06,328792.34,33527.48798,1.3332795666666666e-05,0.000462367,0.0406926836666666,3.3727665e-06,232.07766666666663,3.124540333333333,-0.5693966666666667,-0.0002359816666666,-3.2245521e-06
8.3618919e-06,328813.0733333333,33529.60219,1.3335025333333332e-05,0.0004710796666666,0.042215306,3.371077e-06,231.75406,2.3782905,-1.1052904,-0.002459198,-4.471989999999999e-07
1.0877727e-05,328776.7233333333,33525.89552,1.3285959333333332e-05,0.0004694053333333,0.048220198,3.3688484333333334e-06,231.5077733333333,2.2810116,-1.6311715333333332,-0.0002673663333333,-4.0003059e-06
-4.700906666666666e-06,328735.9533333333,33521.73814333333,1.3252197333333332e-05,0.0004748999999999,0.0483965923333333,3.3695323666666666e-06,232.1053533333333,2.1384132,-1.3750443833333332,-5.007700000000001e-05,-4.133333333333333e-06
2.5979163333333333e-06,328718.4633333333,33519.95466,1.3251262833333335e-05,0.0004788119999999,0.0489363706666666,3.3684179333333337e-06,232.14266,2.2915309333333336,-1.638913133333333,-0.0005795719999999,-2.0603896666666664e-06
-1.0569946666666667e-05,328807.6066666667,33529.04474666667,1.3255317e-05,0.000488242,0.0454224193333333,3.3695666333333327e-06,232.86831,1.84556839,-2.037235866666667,0.0013610983333333,-1.492726666666662e-07
4.050966666666668e-06,328867.44333333336,33535.14639,1.3292291833333331e-05,0.0004887773333333,0.0440455523333333,3.366849366666667e-06,232.3413,1.0262643,-1.8687667666666667,-0.0021809296666666,9.625310999999994e-07
1.905207866666667e-05,328950.2733333334,33543.59269666667,1.3287703333333336e-05,0.0004844966666666,0.0464742743333333,3.3644737333333333e-06,231.83077,-0.4438413333333333,-2.7814385,-0.000787037,-1.6604246866666668e-06
2.3981823333333324e-06,328845.0833333333,33532.86630666667,1.3258567333333332e-05,0.0004822683333333,0.0449907403333333,3.3658285333333334e-06,232.35317333333333,-0.9117412333333332,-3.162701933333333,0.0025886793333333,-4.297236666666667e-06
-2.051286e-05,328851.54,33533.5247,1.3226206e-05,0.0004751969999999,0.039199377,3.3684795e-06,233.45365,-0.5564305333333334,-2.4817094666666666,0.0027665033333333,-2.516049333333333e-06
-2.2950576666666664e-06,328893.9166666667,33537.845916666665,1.3233941333333332e-05,0.0004673856666666,0.0419387673333333,3.3662979e-06,232.73856666666663,-1.7897377566666666,-2.4147703333333337,-0.0032162949999999,-1.3276232333333334e-06
-9.69466666666633e-09,328799.08,33528.17527,1.3201094833333334e-05,0.0004695326666666,0.0446271063333333,3.3668572e-06,232.7554333333333,-2.4676562366666666,-2.445947966666667,0.0032778033333333,-2.6e-06
-1.7472234333333328e-06,328922.38,33540.748369999994,1.3201961e-05,0.000469028,0.0396470986666666,3.369947666666666e-06,233.33702666666667,-1.5228223333333333,-1.5360634433333331,-0.000291031,-1.338835333333333e-06
1.87728e-06,328839.06,33532.252093333336,1.32135325e-05,0.0004658606666666,0.0399927733333333,3.3695190333333337e-06,232.80115666666663,-1.449734108,-1.5972021333333333,-0.0014534643333333,-7.439990000000001e-07
7.983308333333334e-06,328659.3333333333,33513.92507666667,1.3187697666666667e-05,0.00046549,0.0442236453333333,3.369072733333333e-06,232.22055666666665,-2.0358517566666667,-2.5686627,-0.0006676949999999,-3.258445e-06
1.3325816642e-06,328495.6666666667,33497.23571666667,1.3178481333333334e-05,0.0004613466666666,0.0442615123333333,3.3703142e-06,232.19867666666664,-1.7608555533333332,-2.0546967666666665,0.0001067516666666,-5.760139566666667e-06
6.829740666666666e-06,328390.3133333333,33486.492666666665,1.3180637e-05,0.0004494296666666,0.0462972103333333,3.3696603e-06,231.57839666666663,-2.0459132466666667,-2.009034253333333,-0.0010937823333333,-8.6612263e-06
-1.4710593333333337e-06,328278.12666666665,33475.052813333336,1.313469e-05,0.0004483716666666,0.0483044196666666,3.3719928666666664e-06,231.74604,-2.4207046733333333,-1.5430487433333333,0.0013237093333333,-9.663333333333331e-06
-6.132078346666667e-06,328234.14666666667,33470.56810333333,1.3118274e-05,0.0004484526666666,0.0481598906666666,3.3741526e-06,231.93556,-1.7333663133333337,-1.5049959166666664,4.853433566666667e-05,-8.32e-06
-7.650737566666667e-06,328275.45666666667,33474.78054666667,1.3119492e-05,0.000449179,0.0475742413333333,3.375278533333333e-06,231.88568333333333,-1.8249591333333333,-1.7613261233333333,0.0006256206666666,-6.47e-06
-2.931801666666667e-06,328230.7,33470.21663666667,1.3113927166666669e-05,0.0004477946666666,0.0473820876666666,3.376369e-06,231.85556,-1.519822233333333,-2.0645011,0.0001934453333333,-5.643235833333333e-06
-7.3351363e-06,328511.37666666665,33498.837693333335,1.3069095333333334e-05,0.0004447433333333,0.0465543023333333,3.3763241333333337e-06,231.91669666666667,-0.3810445533333333,-2.4692081,-0.0006692736666666,-4.463523333333333e-06
3.8406926666666655e-06,328392.69333333336,33486.73536333333,1.3103179333333334e-05,0.0004360666666666,0.0495715233333333,3.3731112e-06,230.99356,-1.9305226,-1.9178565666666667,-0.002876767,-2.760317666666667e-06
5.7813363333333325e-06,328423.23,33489.849233333334,1.3103190833333334e-05,0.0004346953333333,0.0510056439999999,3.372585533333333e-06,230.77072666666663,-2.3511346,-1.6787529799999998,0.0013773133333333,-5.281045666666666e-06
1.186229999999996e-07,328519.32666666666,33499.64836666667,1.3114850333333332e-05,0.0004306806666666,0.0457400799999999,3.3755274333333333e-06,231.31107333333333,-2.789776733333333,-0.8248317333333333,0.000898321,-7.4793468e-06
5.9219185e-06,328462.83,33493.88731333333,1.31317845e-05,0.0004203886666666,0.0446571219999999,3.376341133333333e-06,231.00618666666665,-1.65780886,-0.1434170983333333,-0.0024064456666666,-9.167738933333334e-06
5.4487550000000005e-06,328482.0,33495.84210666667,1.3080781666666666e-05,0.000422316,0.0467780686666666,3.377367066666667e-06,231.2592566666667,-2.3704424333333334,0.6121130333333333,0.0006503681926666,-1.28e-05
-1.983333333333333e-05,328363.52,33483.76051,1.3067336e-05,0.00043285,0.0422106433333333,3.3809368e-06,232.36524333333327,-2.6939492200000004,2.214218826666667,0.0016871669999999,-1.1876666666666666e-05
2.3391736666666674e-06,328437.6666666667,33491.32136333333,1.3107915666666666e-05,0.000427496,0.042939358,3.3791996333333333e-06,231.68946,-0.7629610666666666,2.20125004,-0.003938449,-8.142158933333334e-06
9.861641e-06,328362.60333333333,33483.66703666667,1.307566e-05,0.0004244139999999,0.0501749633333333,3.375666566666667e-06,230.9276833333333,-0.6243070000000001,1.3639625000000002,-0.0011018936666666,-1.1333333333333334e-05
-3.347157666666668e-06,328382.6066666667,33485.70680666666,1.3058598666666666e-05,0.000424265,0.0493145506666666,3.3756835333333333e-06,231.24140333333327,-0.2795832666666667,0.2258564666666667,0.00047072963,-1.27e-05
7.522714333333333e-06,328514.12666666665,33499.118116666665,1.3082219833333331e-05,0.0004160636666666,0.047959374,3.375011433333333e-06,231.03246666666664,0.2278536666666666,-1.5099222666666667,-0.00065657,-1.1396666666666664e-05
8.06167456e-06,328494.1066666667,33497.076643333334,1.3063644333333332e-05,0.000415155,0.0490071193333333,3.3755101333333337e-06,231.2315166666667,-0.1410446413333333,-1.8214733666666667,0.000196616,-1.4233333333333331e-05
-1.995891e-06,328471.99666666664,33494.82205333334,1.3018212666666668e-05,0.0004191486666666,0.0496217436666666,3.377004133333334e-06,231.68412666666663,-0.2431079666666666,-0.6835021666666666,0.0006492733333333,-1.7833333333333334e-05
-8.392008333333335e-06,328463.0333333333,33493.90804666667,1.3017607e-05,0.0004141386666666,0.0513095239999999,3.3765821666666665e-06,231.43603,-0.4473381666666666,-2.010804733333333,0.0001660766666666,-1.6156666666666667e-05
1.2758271666666666e-06,328476.6666666667,33495.29826,1.3033291e-05,0.0004130646666666,0.0521869,3.3758730333333334e-06,231.14827,-1.57027582,-1.9982299533333328,-0.0007646793333333,-1.2331465166666666e-05
3.846928e-06,328478.25333333336,33495.460053333336,1.3029218666666668e-05,0.00041219,0.0509499619999999,3.3772473333333334e-06,231.3784633333333,-1.5854937666666666,-1.9216944433333327,0.0016699706666666,-1.4636666666666668e-05
-6.5356732333333335e-06,328369.10333333333,33484.32985,1.3022143166666666e-05,0.000413366,0.0476431673333333,3.3801371e-06,231.80433,-1.9900418466666665,-1.7399714933333332,0.0010284316666666,-1.5206666666666666e-05
-1.24616553e-05,328351.41333333333,33482.52597,1.3040158333333332e-05,0.0004186083333333,0.0455790936666666,3.381149333333333e-06,231.80015666666668,-2.6417692666666666,-0.6927816766666667,0.0002585616666666,-1.3840439e-05
1.0086863333333336e-06,328118.75,33458.80091666667,1.3073378e-05,0.0004154386666666,0.046459296,3.3802847e-06,231.05336333333327,-2.466128226666666,-0.3321717333333333,-0.0002775886666666,-1.321399449e-05
-8.486666666666666e-06,328017.0,33448.425299999995,1.3056667e-05,0.0004172463333333,0.0454624026666666,3.3817726333333334e-06,231.32023,-1.7119793966666663,-0.2961309033333333,0.0026204303333333,-1.201e-05
9.696539999999987e-07,328022.6666666667,33449.003143333335,1.3086149333333334e-05,0.0004131283333333,0.0439221653333333,3.381233e-06,231.0564433333333,-0.6034609266666667,0.6387002566666666,-0.002234765,-7.726666666666667e-06
1.2579807333333332e-05,327955.6866666667,33442.17308,1.3079121833333332e-05,0.0004027333333333,0.0489858333333333,3.379168733333333e-06,230.22272666666663,-0.1026249333333333,0.5187137000000002,-0.002410094,-1.0474031786666666e-05
5.884315333333334e-06,327914.42,33437.96505666667,1.3027079333333332e-05,0.00040311,0.0555614723333333,3.378034e-06,230.04898666666668,0.6923211666666668,-0.4813203666666665,-0.0007095846666666,-1.4066666666666664e-05
-2.0067236666666665e-06,327856.83666666667,33432.093186666665,1.3005049e-05,0.0004078573333333,0.058074969,3.3775319666666666e-06,230.1404733333333,1.1745864966666668,-1.1121944,0.0006461736666666,-1.4233333333333331e-05
-7.1867352e-06,327971.33,33443.768260000004,1.3019293333333331e-05,0.00040625,0.0523692416666666,3.3774589333333336e-06,230.51868,0.3923686533333333,-0.4020602533333333,0.0009512079999999,-1.29e-05
7.084330000000007e-07,327981.62,33444.817546666665,1.3060838333333334e-05,0.000398658,0.0528278056666666,3.3759203666666667e-06,229.84086,-0.3786493666666666,-1.1230601866666667,-0.001347347,-1.1673333333333334e-05
3.268742333333333e-06,328001.6433333333,33446.85935666667,1.3078321e-05,0.0003917773333333,0.053312839,3.375953366666667e-06,229.5081833333333,-0.9315671333333332,-0.9230863333333332,-0.0007378973333333,-1.25605253e-05
-1.8802960000000003e-06,327944.29333333333,33441.01128666667,1.3071739333333334e-05,0.0003910823333333,0.0519733843333333,3.378255e-06,229.86964666666668,-0.7981012466666667,-0.4056854533333334,0.000673515,-1.428e-05
-1.0467686333333336e-05,327964.87,33443.10952333333,1.3077624e-05,0.000396965,0.0481486103333333,3.380830133333333e-06,230.59299,-1.3943832,1.2015667,0.0015583003333333,-1.2269999999999998e-05
1.6714810000000003e-06,328024.64,33449.204366666665,1.3105617e-05,0.0003951343333333,0.048957704,3.379500433333333e-06,230.22735666666665,-1.2554610433333333,0.6605517333333334,-0.0031842063333333,-9.302333333333334e-06
4.36321e-06,327931.0,33439.65574666666,1.3111414333333333e-05,0.0003898926666666,0.052924485,3.3770165666666668e-06,229.51985,-1.2432151333333332,0.5028634333333334,-0.0019063643333333,-1.1433333333333331e-05
8.816557386666666e-06,327815.78,33427.90657,1.3082157166666664e-05,0.0003908,0.0575133053333333,3.375641133333333e-06,229.23702666666668,-1.2900835533333332,0.7762457566666666,-0.0002815119999999,-1.311e-05
-1.2545218166666666e-05,327905.2233333333,33437.027253333334,1.3058286333333331e-05,0.000408149,0.0532313226666666,3.3780434e-06,230.35882333333333,-0.3643518999999999,1.304959332,0.001261109,-1.0065091986666667e-05
3.951458666666676e-07,328036.44,33450.40763,1.3091517e-05,0.0004152776666666,0.052067907,3.375899133333333e-06,230.28333333333333,1.0220416333333333,0.6812985333333333,-0.002267853,-4.9918823333333335e-06
1.4256096333333334e-05,328055.2266666666,33452.32333666667,1.3092153666666666e-05,0.0004122393333333,0.0564305706666666,3.3729320333333333e-06,229.70666666666668,0.8628405699999999,-0.1573065666666667,-0.0019028916666666,-8.147203833333333e-06
9.690756333333332e-06,328003.93333333335,33447.092873333335,1.305289e-05,0.0004061253333333,0.0606969249999999,3.3724287666666667e-06,229.81807333333333,0.0561372799999999,-1.3281133866666666,-5.685833333333336e-05,-1.3843333333333332e-05
-9.511400000000012e-07,327938.74666666664,33440.44568333333,1.3031783e-05,0.0004207976666666,0.0583885793333333,3.3728495666666667e-06,230.34303666666665,-0.95769584,0.1240958999999999,0.0005224653333333,-1.2409999999999998e-05
2.0309380000000005e-06,327904.48333333334,33436.95179333333,1.3078347e-05,0.000422505,0.0551580506666666,3.3732179666666665e-06,230.2468,-1.2805013666666667,0.4013503333333332,0.0003047029999999,-1.0926666666666668e-05
4.794240000000001e-06,327979.93333333335,33444.64555666666,1.3107691e-05,0.000419623,0.0497117653333333,3.3759758333333336e-06,230.57699,-1.8603980093333328,-0.0347654333333332,0.0021552143333333,-1.0864495066666669e-05
4.519013333333333e-06,327870.70666666667,33433.507536666664,1.3107779e-05,0.0004113229999999,0.0487910313333333,3.378363533333333e-06,230.64158666666663,-0.9619459000000002,0.5189503666666666,3.684300000000009e-05,-1.32633438e-05
-1.0697344e-05,327859.5233333334,33432.36715333333,1.30687935e-05,0.00041686,0.0474415596666666,3.381904833333333e-06,231.43332333333333,-1.0119253333333331,1.4139213333333334,0.0026234723333333,-1.4316666666666666e-05
-1.409e-05,327870.95666666667,33433.533026666664,1.3092132e-05,0.0004190756666666,0.043886925,3.3828024666666665e-06,231.60561,-0.0902827666666667,0.90923072,-0.0005267233333333,-9.34e-06
2.4165719999999987e-06,327782.42,33424.50480333334,1.3106895e-05,0.0004191886666666,0.0471306,3.3804360000000004e-06,230.6638266666667,0.4978907999999999,1.030651166666667,-0.0032974546666666,-6.933333333333334e-06
5.692481000000001e-06,327624.82666666666,33408.434753333335,1.30800535e-05,0.0004192836666666,0.0538927446666666,3.377503466666666e-06,229.91943,0.6407926983333332,0.9090097333333336,-4.372100000000004e-05,-8.515954233333333e-06
6.535812633333334e-06,327558.6233333333,33401.68388999999,1.3066935e-05,0.0004216676666666,0.0567650966666666,3.376137133333333e-06,229.76975,1.1420888666666666,1.0995188333333334,-0.0006878879999999,-7.585862500000001e-06
8.736694666666667e-06,327506.69,33396.38816333333,1.3060567666666666e-05,0.000419183,0.0591871866666666,3.3748792666666662e-06,229.66341666666668,1.26341545,0.6461471,0.0005044053333333,-9.396666666666668e-06
-3.2907098333333334e-06,327521.7733333334,33397.926236666666,1.3070763666666669e-05,0.000416988,0.0567919603333333,3.3757399666666667e-06,229.96326666666667,1.8409688333333327,-0.0053827,0.001079471,-1.0363333333333336e-05
-2.721719943333333e-06,327561.6866666667,33401.996263333334,1.31030215e-05,0.000410692,0.054698625,3.3760725e-06,229.79074666666668,1.6851446333333333,0.5272718566666666,-0.0002898873333333,-9.656666666666669e-06
-8.586176666666668e-06,327631.62666666665,33409.12816,1.3081387333333334e-05,0.0004033236666666,0.0535531123333333,3.3762135e-06,229.95240666666663,0.2901661466666667,1.2757573166666667,0.001107871,-9.913333333333334e-06
-8.64e-06,327741.98,33420.38106666666,1.3111684833333334e-05,0.0004065683333333,0.0512070076666666,3.3767983e-06,230.01329666666663,0.6123328866666666,2.044456073333333,-0.0010516343333333,-5.911366666666666e-06
-2.2431406666666667e-06,327725.6066666667,33418.71145,1.3139284333333332e-05,0.0004067106666666,0.052898845,3.3743745e-06,229.52635333333333,1.3393415,1.5821945833333333,0.000252644,-3.5292717666666667e-06
-3.7017226666666665e-06,327801.14666666667,33426.41439,1.3148502666666668e-05,0.0004110036666666,0.0529512306666666,3.3731145666666667e-06,229.49833666666663,1.173254,1.4136105366666667,-0.000347220482,-1.8354524333333333e-06
5.465180433333333e-06,327866.04,33433.03166666667,1.3162271333333331e-05,0.000413359,0.0557993306666666,3.370316633333333e-06,228.98967666666667,1.3149462200000002,2.4660231666666665,-0.0029341906666666,-6.232536666666668e-07
7.963403666666665e-06,327840.43333333335,33430.42051333334,1.31571515e-05,0.000420511,0.0595704956666666,3.3675675333333337e-06,228.758,0.8233070066666667,3.408539466666667,-0.0008323006666666,-1.980650333333334e-06
7.957245499999998e-06,327729.73333333334,33419.13225333334,1.31449195e-05,0.0004317716666666,0.0595546909999999,3.3672862000000003e-06,229.12809666666664,1.1505501666666669,3.3492390000000003,0.000785948,-4.1420876000000005e-06
-2.88568e-06,327771.62,33423.40350666667,1.3147085666666668e-05,0.0004391686666666,0.0544193836666666,3.3683497e-06,229.89329666666663,2.41698555,3.0696757,0.001720587,-4.2040887333333335e-06
1.4043586666666677e-06,327916.11333333334,33438.13773,1.3213056666666668e-05,0.0004349973333333,0.048817771,3.3678634e-06,230.02229,4.1550865,2.8198967,-0.0007093923333333,-4.102897333333333e-06
6.603938666666666e-06,327991.04,33445.77811666666,1.3242547333333334e-05,0.0004294159999999,0.050062259,3.3659095333333333e-06,229.64346666666663,5.152127233333334,2.27312744,-0.0015014203333333,-3.59535785e-06
7.136571333333333e-06,328077.82666666666,33454.6279,1.3193505666666668e-05,0.0004237143333333,0.0541939039999999,3.365515133333333e-06,229.7346733333333,4.757995666666667,0.7418508200000001,-0.0005242986666666,-5.699539666666666e-06
-8.433319333333333e-06,328093.18,33456.1935,1.3140193666666669e-05,0.0004278003333333,0.0557890623333333,3.3665734666666668e-06,230.38486666666668,3.7371158333333336,0.0781895233333333,0.0004280225516666,-7.304262166666667e-06
-1.4059876666666666e-05,328026.8133333333,33449.42598666667,1.31355865e-05,0.0004352146666666,0.0528269273333333,3.3663349e-06,230.5144633333333,2.818234766666667,0.5669175666666667,0.0017465676666666,-4.1229796666666665e-06
-4.166078e-06,328029.58666666667,33449.70878666666,1.3189590666666669e-05,0.000435034,0.0478048126666666,3.3666962333333334e-06,230.38627,3.714434733333333,-0.1995850666666666,0.0012984976666666,-1.974276666666665e-07
3.386521999999999e-06,328156.9533333333,33462.69657,1.3193178e-05,0.0004357756666666,0.0462399573333333,3.3677725e-06,230.44887333333327,3.4484189666666665,-0.8710482166666668,-0.0017352983333333,8.916056666666662e-07
8.085456666666663e-07,328083.4,33455.19622,1.31599415e-05,0.0004424966666666,0.0473589853333333,3.368449433333333e-06,230.63609666666665,2.572247133333333,-1.2660366333333333,0.0013369593333333,-2.861250000000001e-07
-3.196556666666665e-06,328042.25,33451.00008666667,1.31457075e-05,0.0004447476666666,0.0468769586666666,3.3694219666666667e-06,230.91128666666663,2.6602395,-1.1472212566666666,0.0004262126666666,5.033324833333331e-07
-3.304511333333333e-06,328016.12,33448.33556666667,1.3137377e-05,0.000443213,0.0481354806666666,3.369013933333333e-06,230.75904,2.8637743,-1.383703,-0.001650432,1.88853e-06
-5.19e-06,327914.62666666665,33437.98612666666,1.3123481499999998e-05,0.0004402293333333,0.0519444906666666,3.3672522666666664e-06,230.26569333333336,3.112345533333334,-1.5265782333333335,-0.000929405,7.924997666666664e-07
3.734946e-06,327785.0633333333,33424.774346666665,1.3102525333333332e-05,0.0004359689999999,0.0579619299999999,3.364525633333333e-06,229.58338333333333,2.2267035866666665,-0.9561362933333334,-0.0002446363333333,-1.8131456666666667e-06
-8.370880000000008e-07,327778.91333333333,33424.147220000006,1.3113736333333333e-05,0.0004482366666666,0.056791,3.3639999e-06,229.57678666666664,3.011223466666667,1.2787536000000002,-0.0008769389999999,2.5315048413333336e-06
2.4278435333333333e-05,327666.95666666667,33412.73081666667,1.3134844666666668e-05,0.0004358136666666,0.0620382883333333,3.359989933333333e-06,228.46069666666665,3.7861687333333336,0.8003638333333333,-0.0011200203333333,-1.2285246666666665e-06
-1.2812034666666662e-06,327603.7266666666,33406.28315,1.3121898833333331e-05,0.0004332416666666,0.0592549803333333,3.3621178666666668e-06,229.1333033333333,4.029775066666667,-0.4357086666666669,0.0025452163333333,-4.211962333333334e-06
-5.418476666666666e-06,327625.12666666665,33408.465346666664,1.3155639666666666e-05,0.0004356736666666,0.054254003,3.3632617e-06,229.32903,4.010030366666666,-0.6355164500000001,-0.0001123313333333,-2.4316233333333337e-06
2.757139666666667e-06,327587.8733333333,33404.66656333333,1.3109524666666666e-05,0.0004361523333333,0.0583055213333333,3.3626632e-06,228.59196,3.3132155300000004,-0.5187079333333333,-0.0005924983333333,-2.8621530000000005e-06
-9.729772933333332e-06,327570.4733333333,33402.892256666666,1.31216495e-05,0.0004336223333333,0.0553437776666666,3.364541033333333e-06,228.98790666666665,3.370745373333333,-0.6340370000000001,0.0013195373333333,-1.5397246666666666e-06
-1.9929900000000055e-07,327671.96,33413.24101666667,1.3136888166666668e-05,0.0004246613333333,0.0559606543333333,3.3640441e-06,228.76424666666665,3.742942466666667,-1.05852066,-0.0012339023333333,3.324193333333333e-07
-1.031e-05,327678.3933333333,33413.897033333335,1.31146345e-05,0.0004281669999999,0.0551273116666666,3.365824033333333e-06,229.35565,2.8277877,-0.9637813333333334,0.001364036,-1.3585166166666602e-07
3.502609e-06,327835.19,33429.88584,1.31070135e-05,0.0004371546666666,0.056459592,3.3658243333333334e-06,229.39461666666668,3.449845,-0.9614375333333331,-0.0020679696666666,2.502622666666668e-06
-1.482551e-06,327833.31,33429.69413333333,1.3075267666666668e-05,0.0004542336666666,0.0568807006666666,3.3669076e-06,229.9041566666667,2.6949468,-1.2381023333333332,0.0013200716666666,1.2713055333333334e-06
5.197737000000001e-06,327881.63,33434.621406666665,1.3071509e-05,0.000453264,0.056590495,3.3662127000000004e-06,229.84795666666665,3.8068168666666655,-1.7966073666666669,-0.0024229236666666,1.3427536666666667e-06
4.002108e-06,327876.06666666665,33434.054103333336,1.3058354666666666e-05,0.000445333,0.060196649,3.3645468e-06,229.41118666666668,3.27868651,-1.5989472566666667,-0.001300288,4.523201000000002e-07
-1.6454459999999995e-06,327887.67,33435.237316666666,1.3055649333333336e-05,0.0004456546666666,0.0588448226666666,3.3656742666666664e-06,229.68875,2.69812484,-1.5525474666666668,0.0016231429999999,-1.3374846666666668e-06
3.2551703333333333e-06,327923.26666666666,33438.867163333336,1.3078534333333336e-05,0.000445496,0.0552346853333333,3.366795366666667e-06,229.67001666666667,3.1628968,-1.8743686666666663,-0.000792736,-2.7226580000000003e-06
3.275029666666666e-06,327981.8933333333,33444.84541666666,1.3074824333333334e-05,0.000447839,0.0549244219999999,3.3678270000000003e-06,229.58203666666668,2.55269919,-2.173569161666667,0.0005578533333333,-3.737008233333333e-06
-2.3945991666666662e-06,328013.88,33448.10715333334,1.3057860333333336e-05,0.000447856,0.0534675879999999,3.3706835e-06,230.02196,2.3668972333333334,-1.4246663333333334,0.000744683,-3.520681e-06
-2.4620960000000004e-06,328048.48,33451.63537,1.3056318166666665e-05,0.000448973,0.049805909,3.373664233333333e-06,230.39631333333327,2.7049751866666667,-0.9254264233333332,0.00017036,-9.197838666666664e-07
5.296299333333333e-06,327967.2866666667,33443.35595333333,1.3064630166666667e-05,0.000439937,0.0483557306666666,3.3748783666666668e-06,230.38105,2.457626633333333,-1.659761023333333,0.000946468,-3.176284333333333e-06
6.3850413333333335e-06,328002.4466666667,33446.94127666667,1.30699375e-05,0.0004339853333333,0.048325366,3.375108766666666e-06,230.19257666666667,2.1463524,-2.1266902,-0.0022503006666666,-6.102980333333333e-06
-1.36436325e-06,327912.64666666667,33437.78422666667,1.3051325333333331e-05,0.0004423696666666,0.0474032096666666,3.3756605333333337e-06,230.70106,1.5692039999999998,-2.4063301333333333,0.001702606,-6.953311766666667e-06
-3.133156333333334e-06,327938.75,33440.446026666665,1.30449875e-05,0.0004518386666666,0.04677933,3.3752288e-06,231.05658666666668,1.1424687166666667,-2.990589166666666,-0.0001205226666666,-3.0263761e-06
7.96277e-06,327841.10000000003,33430.488496666665,1.3014082e-05,0.000454933,0.053246884,3.3719655666666665e-06,230.3558033333333,1.8240865333333327,-3.54673515,-0.0021987276666666,-2.3046255e-06
-1.1852192e-05,327696.85333333333,33415.77943,1.2987939e-05,0.0004580006666666,0.0524507143333333,3.3723333333333333e-06,230.78428,1.6795848333333332,-3.4795081000000003,0.002975379,-2.1683078333333333e-06
1.3028239999999994e-06,327675.48,33413.59995333333,1.3024821333333332e-05,0.0004419913333333,0.0516818769999999,3.3694929666666664e-06,230.04515,2.3696341,-2.0839206666666668,-0.0036144203333333,-5.190250000000002e-07
1.2555330333333337e-05,327561.64666666667,33401.99218666666,1.3030630333333334e-05,0.0004285256666666,0.0584823476666666,3.3654753666666666e-06,228.94789666666668,2.7269949,-0.90817222,-0.001303035,-6.133333333333334e-06
8.471137e-06,327372.5533333333,33382.710029999995,1.2987404666666666e-05,0.000430768,0.0638371573333333,3.3647084e-06,229.13229,3.535361866666667,-2.1715412,0.0021253693333333,-9.16e-06
-1.4027333333333334e-05,327378.54,33383.3205,1.2974667166666668e-05,0.0004407916666666,0.058225475,3.3671570333333333e-06,230.0089866666667,3.2213973999999994,-2.8726797666666664,0.0019123393333333,-6.438002500000001e-06
-1.447e-05,327359.56666666665,33381.385760000005,1.3005043333333334e-05,0.000440531,0.0518576543333333,3.3676666666666666e-06,230.06394333333333,2.4368750333333336,-2.8299770333333334,0.0008159003333333,-2.573673333333333e-06
-4.749662333333335e-06,327453.25,33390.93880333333,1.2988012666666666e-05,0.0004368206666666,0.052226737,3.3675026666666667e-06,229.83058,2.8099549666666666,-3.787299466666667,0.000449271,-5.483896666666668e-07
4.5475666666666594e-08,327453.3133333333,33390.945256666666,1.29744575e-05,0.0004377423333333,0.0559926493333333,3.3670579e-06,229.3700333333333,1.9635132666666664,-4.318615723333333,-0.0019011293333333,7.545893333333329e-07
3.765746e-06,327569.25333333336,33402.76785,1.2970305e-05,0.000433955,0.0590840546666666,3.3664713e-06,228.96878666666663,1.3140506666666667,-3.5660824000000004,-0.0017986323333333,-1.045618033333333e-06
5.009377666666664e-06,327597.6666666667,33405.665206666665,1.2968108166666664e-05,0.0004345623333333,0.058118713,3.3670409333333336e-06,229.08461666666668,0.7928613333333333,-2.7669985999999995,-9.630433333333334e-05,-1.9003194666666667e-06
1.4160975e-05,327540.68333333335,33399.85452,1.2974751e-05,0.0004311496666666,0.0585223623333333,3.3654284e-06,228.88214666666667,1.2797499466666669,-1.831721733333333,0.0007453306666666,-4.131000966666667e-06
-1.204347633333333e-06,327630.3566666667,33408.99865666666,1.2959771666666666e-05,0.00044263,0.0536740073333333,3.3665659e-06,229.9993433333333,1.7544057999999998,-1.13875722,0.0007757243333333,-5.954677333333333e-06
6.841377333333332e-07,327611.92,33407.118636666666,1.2968791666666669e-05,0.0004379503333333,0.0534823093333333,3.364378266666667e-06,230.00878,2.4452196333333336,-0.7274577566666666,-0.000222851,-7.136666666666666e-06
-7.983333333333334e-06,327615.74,33407.50816666667,1.2971255166666667e-05,0.0004367826666666,0.0506277783333333,3.363575766666667e-06,230.47615666666664,2.8020681,-0.9782991333333332,0.0001420056666666,-7.87e-06
-3.2440796666666667e-06,327656.49666666664,33411.66419333333,1.29850765e-05,0.000429621,0.0505977863333333,3.3612041e-06,230.33348,3.8124793666666665,-1.7620668666666666,-0.0008721473333333,-8.19e-06
9.607810466666663e-06,327670.39,33413.08092,1.2995354166666668e-05,0.0004208459999999,0.0539447133333333,3.3582995e-06,229.68021,3.920449656666667,-2.13772371,-0.0018892803333333,-9.296666666666669e-06
5.609738599999999e-06,327639.85333333333,33409.967046666665,1.29815755e-05,0.0004192066666666,0.055529281,3.3583016333333333e-06,229.70996,3.8149233,-2.7460473000000003,0.0004123663333333,-1.2400000000000002e-05
1.9033023333333337e-06,327663.60000000003,33412.38853333334,1.2973435666666667e-05,0.0004141513333333,0.056092336,3.3589321666666667e-06,229.848,3.7657839333333336,-3.346331213333334,9.9694e-05,-1.5073333333333335e-05
-1.5661588666666677e-07,327580.04,33403.867783333335,1.2946878166666666e-05,0.0004128356666666,0.054281456,3.3592442e-06,230.26973,2.4237699666666668,-2.639650363333333,-0.0015851583333333,-1.353e-05
-5.018849533333333e-06,327570.7133333333,33402.916730000004,1.2947598e-05,0.0004214143333333,0.0532873856666666,3.3595030666666667e-06,230.31239,2.4723129333333334,-3.000248052,0.001025893,-8.984893800000001e-06
1.0138691333333334e-06,327504.4,33396.154650000004,1.2951958e-05,0.0004275733333333,0.053995971,3.359242033333333e-06,230.05717,3.0661141,-4.248805543333334,0.0003123146666666,-6.232369333333333e-06
1.2276771000000005e-06,327496.12666666665,33395.31100333333,1.2932622666666669e-05,0.000441257,0.0545681469999999,3.3606375e-06,230.29587333333333,2.6313142000000003,-3.906894713333333,0.0008675536666666,-6.505079100000001e-06
-1.30757505e-05,327477.04,33393.36470666667,1.2925878333333334e-05,0.000461734,0.0511486026666666,3.3632589666666667e-06,230.85815,1.2810576666666669,-3.799739946666667,0.00132622,-3.56254e-06
-5.696666666666667e-06,327426.93333333335,33388.255249999995,1.2943214333333331e-05,0.0004615153333333,0.049818297,3.3636667e-06,230.5451233333333,1.451044066666667,-3.41135334,-0.000622393,-7.821970000000003e-07
1.0588946e-05,327300.4166666667,33375.35414,1.2940438e-05,0.0004591039999999,0.0556375273333333,3.3619866000000003e-06,229.67584666666667,1.617874466666667,-2.9662601333333334,-0.0017863776666666,-1.3123263333333331e-06
8.565403166666666e-06,327116.45666666667,33356.59544,1.2915261333333331e-05,0.000468879,0.0582071173333333,3.3628706e-06,229.8449933333333,1.5881460866666668,-2.31598826,0.0024570046666666,-3.1014906666666667e-06
-9.865796666666663e-07,327130.56,33358.03358,1.2920715666666669e-05,0.0004681193333333,0.0533776843333333,3.363529133333333e-06,230.25477,2.37896819,-0.9131358666666666,-9.462733333333306e-05,-3.305857866666667e-06
8.690873666666666e-06,327014.4166666667,33346.190253333334,1.2939837333333334e-05,0.0004513503333333,0.055012713,3.3608706666666666e-06,229.42451000000003,2.79558505,-0.7162815666666665,-0.001061727,-5.118465333333333e-06
-4.036840666666667e-06,326996.5733333333,33344.37074333333,1.2920356833333332e-05,0.0004560639999999,0.0545836433333333,3.362804233333333e-06,229.75058,3.23841537,-0.5833463333333333,0.0009082543333333,-6.220000000000001e-06
-5.133117e-06,326983.6533333333,33343.05326666666,1.2928770333333332e-05,0.0004568946666666,0.0544128096666666,3.3627836e-06,229.65863,3.8512159666666665,-0.3848676900000001,-0.000165244,-3.7618723333333336e-06
6.486638e-06,326998.3133333333,33344.548173333336,1.2915668e-05,0.0004584393333333,0.0593260933333333,3.3621321e-06,228.92129,4.4455293,-1.2875239,-0.001726137,-5.009663666666666e-06
-7.846066666666664e-07,326959.6666666667,33340.60731,1.2898193333333334e-05,0.0004547566666666,0.0649564853333333,3.3634924e-06,228.5535033333333,3.2659088,-2.5938224666666665,0.0014329543333333,-6.293094133333333e-06
-1.0806166666666668e-05,327091.81666666665,33354.08286,1.2883352333333333e-05,0.0004663363333333,0.0606682986666666,3.367479e-06,229.6034133333333,2.9091574333333337,-2.051574733333333,0.0023478783333333,-3.5618086666666664e-06
-3.604993e-06,327149.79333333333,33359.99483333334,1.2891786333333334e-05,0.000477452,0.0571502503333333,3.368568233333333e-06,230.0949733333333,3.2328835,-1.2469300666666667,0.0004868123333333,-2.167309333333333e-06
-9.67944e-06,327175.64666666667,33362.631140000005,1.2900643166666667e-05,0.0004877646666666,0.0524347243333333,3.3694923e-06,230.8001,3.593935966666667,0.4135079333333334,0.001630002,-1.0704693333333333e-06
4.959833333333336e-07,327411.98666666663,33386.73111,1.2945666333333332e-05,0.0004785696666666,0.0473485386666666,3.3677464e-06,230.8176433333333,3.8995027666666666,0.64497061,-0.0011130103333333,3.12749333333334e-07
-3.937913333333335e-06,327394.3733333333,33384.93505,1.2967953333333336e-05,0.000465272,0.0445711016666666,3.3664167e-06,230.9228633333333,4.858221166666668,0.773753045,-0.0007451319999999,-2.0189480666666665e-06
7.498649666666667e-06,327373.89,33382.846333333335,1.2978678833333333e-05,0.0004528973333333,0.0475719256666666,3.364247266666667e-06,230.35696,5.849216433333333,-0.3617346566666666,-0.001850132,-3.145e-06
4.4361504e-06,327404.4066666667,33385.95817,1.2971899333333332e-05,0.000451358,0.0502894283333333,3.3642936e-06,230.32891000000004,5.2377097,-0.4299813766666666,-0.0016935696666666,-4.947266666666667e-06
5.484716153333333e-06,327419.1066666667,33387.45715,1.2977575333333332e-05,0.0004471033333333,0.0527257173333333,3.3635751666666664e-06,230.1949533333333,5.158945699999999,-0.4876152966666666,-0.0020467533333333,-6.5302951900000005e-06
9.9769512e-06,327446.23333333334,33390.223300000005,1.2973207500000002e-05,0.000442115,0.0567674806666666,3.3627057333333337e-06,229.96291,5.128195900000001,-1.2427764,-0.0006637056666666,-9.41e-06
9.041364666666666e-06,327458.95666666667,33391.520716666666,1.29666815e-05,0.000441706,0.0580261236666666,3.3629697333333333e-06,230.0593133333333,5.502422033333333,-1.80968211,-0.0007958376666666,-1.0920000000000002e-05
4.441600666666667e-06,327296.4166666667,33374.94625666667,1.2937935666666666e-05,0.0004497146666666,0.0614421993333333,3.364118133333333e-06,229.8514266666667,4.565157233333333,-1.343819706666667,0.0013920789999999,-1.068e-05
-8.462234266666666e-06,327339.23,33379.31199666666,1.2940384499999998e-05,0.0004641946666666,0.0562400383333333,3.367260433333333e-06,230.67258,4.4859982,-1.9284229333333327,0.0030412503333333,-8.960348666666667e-06
-4.130436833333333e-06,327337.94,33379.18045,1.2951067333333332e-05,0.0004727333333333,0.0524972563333333,3.368463366666667e-06,230.96165,3.4509420666666664,-2.328234893333333,0.00176021,-6.0332863333333335e-06
-5.631377666666668e-06,327327.4766666666,33378.11349,1.2955102666666667e-05,0.0004741586666666,0.049813401,3.3689733333333337e-06,231.17597333333333,3.1771069,-2.0132197,0.0015305763333333,-4.2871526e-06
6.322665e-06,327275.6066666667,33372.82422333333,1.2942939666666667e-05,0.000474714,0.0509600686666666,3.3686468e-06,231.0670133333333,2.4277735000000003,-0.675769,-0.0008854323333333,-4.150172833333333e-06
-3.926557e-06,327222.20666666667,33367.37894,1.2915185e-05,0.0004879523333333,0.048902658,3.3708199e-06,231.8567,2.83305532,-0.6033577533333332,0.0025919483333333,-2.9602593333333338e-06
2.1784553333333334e-06,327203.96,33365.5183,1.2934436666666667e-05,0.000480783,0.0459238266666666,3.369181e-06,231.75219666666663,4.085655233333333,0.4144216466666666,-0.0002111763333333,-2.9178712e-06
5.426387133333334e-06,327134.2266666666,33358.40747333333,1.2943712833333332e-05,0.0004763123333333,0.0474126216666666,3.367943433333333e-06,231.2671533333333,4.359650046666666,0.8734947933333332,-0.0009659806666666,-2.9133070000000005e-06
-7.463724666666666e-06,327055.79,33350.40916333334,1.2928986e-05,0.0004863996666666,0.0458677993333333,3.369407466666667e-06,231.76170666666667,4.97340678,0.8744925333333334,0.002162643,-2.369749133333333e-06
-4.962961333333334e-06,327117.62666666665,33356.714746666665,1.2955434333333332e-05,0.0004788609999999,0.0452513923333333,3.3674302333333333e-06,231.53536666666665,7.1388457333333335,0.3112452,-0.0023050303333333,-1.0528223333333332e-06
1.0773877333333334e-05,327008.73333333334,33345.61071666667,1.2980806666666664e-05,0.0004671376666666,0.0524403486666666,3.3643567e-06,230.3086033333333,6.736987433333333,-0.3308761866666667,-0.0012384646666666,-1.6533725000000007e-06
-2.4175643333333334e-06,326959.06,33340.54544666666,1.2953951666666666e-05,0.0004769066666666,0.053594634,3.3670154666666663e-06,230.97251,5.916461633333333,-1.1472937333333333,0.0016420236666666,-2.873970666666667e-06
-1.1628566666666667e-05,327050.7166666667,33349.89182333333,1.2935612333333331e-05,0.0004822296666666,0.0530856413333333,3.368227833333333e-06,231.10877666666667,5.407357833333333,-2.1654710666666666,0.001294368,1.1868263333333336e-06
2.6159588333333342e-06,327086.64,33353.55498666666,1.2974065333333334e-05,0.0004756353333333,0.0533624829999999,3.365881666666666e-06,230.26289,5.695961633333333,-1.049541133333333,-0.0008536136666666,2.520877133333333e-06
7.874705766666666e-06,327224.87,33367.65052333334,1.29792255e-05,0.000473229,0.0522145776666666,3.365992333333334e-06,230.23516000000004,5.2929414,-1.3216174333333333,1.518666666666726e-06,6.421750666666666e-07
5.104148333333333e-06,327159.96,33361.03154333334,1.2957580333333333e-05,0.0004704586666666,0.0542666386666666,3.3655672333333334e-06,230.17045666666664,4.667687066666667,-1.180948798333333,-0.0011769763333333,-1.883e-06
3.2186706666666665e-06,327179.56,33363.03019,1.2927122e-05,0.00047808,0.056334654,3.365180733333333e-06,230.45318,4.540665633333333,-0.6531909333333333,-0.0007025026666666,-2.952333333333333e-06
-4.682597666666667e-06,327110.84,33356.02269666667,1.2912791e-05,0.0004859809999999,0.0567286943333333,3.364874233333333e-06,230.89140333333333,4.951073933333333,-0.1297533466666667,0.0020070123333333,-3.298e-06
-4.965761000000001e-06,327174.3733333333,33362.50129666667,1.2915471333333332e-05,0.0004931846666666,0.052077594,3.3646532e-06,231.1788833333333,5.4003833666666665,-0.3170777866666667,-0.0014427763333333,2.84014733333333e-07
-2.488694666666668e-06,327101.8133333333,33355.102236666666,1.2906011e-05,0.0005037873333333,0.0543038396666666,3.3635181666666667e-06,230.97002666666663,4.706869666666666,0.0052164366666666,-0.00067784,3.051282666666666e-06
3.246733196666667e-06,327153.81666666665,33360.40509666666,1.2911325333333333e-05,0.0005027603333333,0.0529821093333333,3.362659866666667e-06,231.15474,5.467489233333333,-0.2377971833333333,-8.508699999999993e-05,3.3053576666666663e-06
-5.078136666666656e-07,327232.68,33368.44692,1.2925248333333332e-05,0.0004993646666666,0.0490684316666666,3.3622221666666665e-06,231.53537,6.185805466666667,-0.6177969,0.0010432343333333,1.51049775e-06
5.058198333333332e-06,327355.9166666667,33381.013563333334,1.2942264666666668e-05,0.0004989586666666,0.04480311,3.3617185666666663e-06,231.48749,6.135960799999999,-1.0338713666666666,-0.0001799183333333,2.1145219e-06
5.679480666666667e-06,327332.62666666665,33378.63864333333,1.2925298666666666e-05,0.000496852,0.0458544093333333,3.362540466666666e-06,231.32148,5.659102866666667,-2.0614280666666667,-0.0008494316666666,1.5701702666666668e-06
4.4818433333333324e-06,327249.7266666666,33370.1852,1.2870460666666668e-05,0.0004947213333333,0.0488220916666666,3.3645016333333333e-06,231.12242333333333,4.325147,-1.6858234666666665,-0.0002300523333333,1.633476333333333e-06
1.127095333333333e-06,327238.94,33369.085263333334,1.2845877166666664e-05,0.0004977086666666,0.0503675426666666,3.366042666666667e-06,231.37272666666664,4.4304759,-1.8287614,0.0004178393333333,7.257583333333335e-07
-3.817817666666668e-06,327125.82666666666,33357.55091333333,1.2826603666666666e-05,0.0004995866666666,0.0516042606666666,3.3670003e-06,231.64664,4.3968031666666665,-1.4748362803333332,0.0006430353333333,-1.9961910000000004e-06
-4.812405333333334e-06,327174.10000000003,33362.47342333334,1.2816278e-05,0.0005076696666666,0.051460683,3.366964233333333e-06,231.81089666666665,4.3786315,-1.0381590533333334,0.0007200893333333,-8.13368e-07
-8.273049999999995e-07,327127.48,33357.71950666667,1.2815995e-05,0.0005118626666666,0.0526255816666666,3.366380666666666e-06,231.72161666666668,4.812261233333333,-0.1547349333333333,0.000259367,5.043549999999997e-07
-1.5484419999999995e-06,327206.54,33365.781383333335,1.28142955e-05,0.0005144936666666,0.052173406,3.3666914e-06,231.88726666666665,5.036409933333333,-0.3832870999999999,8.931033333333332e-05,1.8452553333333333e-06
-8.361130000000004e-07,326991.35333333333,33343.83845,1.2824561666666664e-05,0.000507616,0.0524295959999999,3.365853433333333e-06,231.61920666666663,5.391464553333333,-0.2807953066666666,0.000835064,1.670338333333333e-06
6.863166666666672e-07,326972.1666666667,33341.88195333334,1.2854513e-05,0.0005075463333333,0.0486051813333333,3.365268e-06,231.4288033333333,6.494268833333334,-0.8289917333333333,-0.00064381,2.781219e-06
4.541363333333333e-06,326865.3666666667,33330.99138666667,1.2870030666666664e-05,0.000508099,0.050413236,3.3633817666666666e-06,230.75751666666667,6.498822333333333,-2.0527542916666666,0.0002955258766666,2.6210418333333337e-06
1.6122483333333334e-06,326810.58666666667,33325.405380000004,1.2861497166666669e-05,0.000509651,0.0497756716666666,3.3640292666666666e-06,230.9547233333333,5.859828966666666,-1.84475201,0.0011093356666666,1.3277090666666669e-06
-6.035256333333333e-06,326796.95666666667,33324.015503333336,1.2853106e-05,0.000510636,0.0483665243333333,3.364900633333333e-06,231.29567,5.8586156,-1.1457487666666666,0.0005284353333333,1.9645028e-06
-1.1457038333333334e-05,326785.81,33322.87886333334,1.2848567666666669e-05,0.0005175856666666,0.049295035,3.3649858e-06,231.26710666666668,6.064129166666668,-0.9034393,-0.0001493343333333,7.227478233333334e-06
-3.7578951e-06,326886.14666666667,33333.110356666664,1.2831898333333334e-05,0.0005175073333333,0.050346268,3.3649094e-06,230.8186033333333,5.680830933333333,-2.6655519,0.0005379869999999,8.301350466666666e-06
5.360193e-06,326899.91333333333,33334.51416333333,1.28424975e-05,0.0005077253333333,0.0513834346666666,3.3639286666666667e-06,230.3918,5.048660333333333,-2.9891046,-0.0004325023333333,6.415445266666666e-06
7.054991333333334e-06,326935.7133333333,33338.16475,1.2846064666666668e-05,0.000500475,0.0517994509999999,3.3637513000000003e-06,230.17082,5.099344166666668,-3.056689966666667,-0.0008532536666666,4.822406066666667e-06
5.875997e-06,326895.10000000003,33334.02334,1.2834978333333331e-05,0.0005023466666666,0.0512474443333333,3.3648618e-06,230.33616,4.012489966666667,-2.877577983333333,0.0003676506666666,3.5282854666666668e-06
-3.313333333333333e-06,326912.1866666667,33335.76569666667,1.2814024333333332e-05,0.0005132156666666,0.0485826443333333,3.3669511666666664e-06,230.97954666666664,4.1030061,-2.3513997066666668,0.0010121989999999,3.954659e-06
9.761115166666668e-06,327021.73,33346.93601,1.2822202333333334e-05,0.000512953,0.0501503396666666,3.3657052e-06,230.65752333333333,4.177015966666667,-1.7410931333333333,-0.0017342836666666,4.4675010333333336e-06
-6.019361333333334e-06,326928.9766666666,33337.4778,1.2787576e-05,0.00052414,0.0507222816666666,3.3675342000000003e-06,231.2209833333333,4.5627896,-1.5747729,-8.393233333333333e-05,3.5338096666666662e-06
-3.414435e-06,326935.43333333335,33338.13619666667,1.2767664e-05,0.00052485,0.0527203956666666,3.367262533333333e-06,231.30003,4.952042266666667,-1.646427466666667,-0.00031936,4.624943666666667e-06
-5.679811e-06,326907.29333333333,33335.26671333333,1.2745584333333336e-05,0.000532247,0.0543561833333333,3.3683527666666664e-06,231.67713,4.476157533333333,-1.5861558999999998,-0.0004086413333333,6.747142666666667e-06
-5.551390000000009e-07,326951.3133333333,33339.75550666667,1.2757518833333331e-05,0.000531269,0.0528713763333333,3.3679752666666662e-06,231.73724666666664,5.285706533333333,-1.211543686666667,-0.0003861236666666,8.424628291333334e-06
6.3206485e-06,327063.62666666665,33351.20828,1.27672245e-05,0.0005242993333333,0.0506461776666666,3.3670121333333333e-06,231.68993333333333,6.127535033333333,-1.9933326,-0.00038819,6.307104466666666e-06
2.103949999999991e-07,327030.48,33347.82826,1.2749340333333334e-05,0.0005294133333333,0.0508415166666666,3.367180066666667e-06,231.86379,6.450948999999999,-2.6779374333333337,0.0008602729999999,4.430604e-06
-4.802615666666667e-06,327116.35333333333,33356.58490333333,1.2721484333333334e-05,0.0005369706666666,0.0460071153333333,3.3687978333333336e-06,232.2470333333333,6.3629609,-1.9547659166666664,0.0008173173333333,7.009810666666666e-06
-3.3011999999999994e-06,326961.21,33340.76468666667,1.2741434166666668e-05,0.0005289343333333,0.0450818946666666,3.367224133333333e-06,231.8207,6.2265684666666665,-3.188748666666667,0.001738716,8.044288e-06
1.598464000000001e-06,327087.50666666665,33353.64336333333,1.2743436666666669e-05,0.0005270996666666,0.042302821,3.3679377e-06,231.97485333333336,5.775369333333334,-5.102781566666667,-0.0014528246666666,1.0902881666666666e-05
3.537376666666672e-07,327043.35000000003,33349.140633333336,1.2729645833333332e-05,0.0005230316666666,0.0441158173333333,3.3679553000000003e-06,231.87519333333333,5.117257166666667,-4.903997133333333,0.001030313,9.784924666666669e-06
1.0990993533333332e-05,326920.7966666667,33336.64367,1.2725976e-05,0.0005120383333333,0.0479224426666666,3.366406166666667e-06,231.28153333333333,4.811764566666667,-4.724448533333333,-0.0023210133333333,9.067595333333332e-06
6.215617333333334e-06,326840.3466666667,33328.440056666666,1.2695936e-05,0.0005100463333333,0.0518441206666666,3.3670773e-06,231.27866,4.2676869,-4.875214333333333,-1.4124666666666655e-05,5.425828833333333e-06
1.1747932333333334e-05,326628.2966666667,33306.81697,1.2672064166666668e-05,0.000508464,0.0574112496666666,3.3667475e-06,230.92511666666667,3.9291445666666656,-4.8795236,-0.0002021546666666,3.2088417e-06
-1.2520133333333318e-06,326502.32666666666,33293.971606666666,1.2652312666666668e-05,0.0005135793333333,0.0546046956666666,3.3698076333333333e-06,231.40985333333333,3.4048681,-4.494128833333334,0.0013674976666666,2.767012333333334e-06
-1.3262192666666668e-05,326475.98,33291.284993333335,1.265921e-05,0.0005165893333333,0.0476549216666666,3.3724366666666665e-06,231.6973166666667,3.3372313000000005,-3.704704566666667,0.0015000363333333,5.661360333333333e-06
-5.7900000000000005e-06,326385.06666666665,33282.014416666665,1.2674781333333334e-05,0.000517738,0.0485050126666666,3.3714695666666663e-06,231.05976,3.9519335666666655,-2.2425601333333334,-0.0023464256666666,9.083559666666666e-06
-3.144270000000001e-06,326309.58,33274.31691666667,1.2663694e-05,0.0005196813333333,0.0536392603333333,3.3700507666666667e-06,230.6814566666667,4.348558433333333,-2.294524833333333,-3.839166666666678e-05,9.093939666666666e-06
8.176929999999998e-07,326265.95,33269.867893333336,1.2661353499999998e-05,0.0005134753333333,0.0559112423333333,3.367958333333333e-06,230.4478333333333,4.536822666666667,-2.831234456666667,-0.0008068206666666,8.810804e-06
7.067469999999998e-06,326258.0366666667,33269.06096,1.2622394333333336e-05,0.0004889106666666,0.0575496693333333,3.3673207333333334e-06,230.2348233333333,3.579373733333333,-3.9291197333333336,0.0027941119999999,4.288064466666666e-06
4.901449666666666e-06,326547.8933333333,33298.61811333334,1.26183435e-05,0.0004871673333333,0.0531362646666666,3.368526433333334e-06,230.6893533333333,2.060107233333333,-4.0022798,-0.0002570969999999,3.734259266666667e-06
-2.671684999999999e-06,326521.56666666665,33295.93354333333,1.2638855e-05,0.000477265,0.051183371,3.3670657999999995e-06,230.23946,3.189749733333334,-3.0550231666666665,-0.0005243846666666,3.314692433333333e-06
4.330433666666666e-06,326451.25333333336,33288.76357666667,1.26498575e-05,0.0004716953333333,0.0537457533333333,3.362833e-06,229.64839,3.696021433333333,-2.8023796,-2.8637666666666763e-05,2.826212666666667e-06
-7.9034854e-06,326421.7733333334,33285.75745333333,1.2626382e-05,0.000482791,0.0513340296666666,3.363815566666667e-06,230.54439,2.6457913000000004,-3.375781033333333,0.001691784,3.4677394e-06
-2.6310250000000004e-06,326589.64666666667,33302.87577,1.2628303e-05,0.0004840359999999,0.050769657,3.3635433e-06,230.7320633333333,2.8119215333333334,-2.465750666666666,-0.0020202083333333,5.395925426666666e-06
-2.276255666666667e-06,326567.56,33300.623556666666,1.2624492e-05,0.0004858426666666,0.0534788803333333,3.3616937000000004e-06,230.6673933333333,2.940214166666667,-1.7645876333333332,-0.0011205216666666,4.171864566666667e-06
4.1440673333333335e-06,326510.21,33294.77548333333,1.2634408666666664e-05,0.0004815696666666,0.0560367933333333,3.3586535666666662e-06,230.3494633333333,3.831295933333333,-2.2877552333333333,-0.0010557213333333,2.8705403333333337e-06
4.876132666666667e-06,326478.02,33291.49302,1.2632042333333332e-05,0.0004805203333333,0.0570451039999999,3.3566909333333333e-06,230.46564333333333,4.085736566666666,-2.6403678200000003,5.554799999999996e-05,5.594979333333335e-07
8.127997666666667e-06,326511.3333333333,33294.89003333333,1.2639398333333332e-05,0.000477796,0.0551049466666666,3.3546318e-06,230.76486,4.474708233333334,-2.6927496200000003,0.0005488569999999,-2.2495205e-06
3.3479936666666667e-06,326604.65,33304.40568333334,1.2650826e-05,0.0004737473333333,0.0533243156666666,3.3519715e-06,230.94453666666664,3.7486429,-2.407713676666667,5.085233333333333e-05,-5.360413966666667e-06
-3.4919321666666666e-06,326589.54,33302.86489333334,1.266277e-05,0.0004741696666666,0.0523702133333333,3.3493728e-06,230.96672,3.174471533333333,-2.087154425,-0.0001558436666666,-5.0202106333333335e-06
-5.772656666666671e-07,326567.3733333333,33300.604523333335,1.2657121166666663e-05,0.0004862906666666,0.0531799053333333,3.347295833333333e-06,230.85032,3.620803633333333,-1.468743413333333,-0.0004121016666666,-1.7603479999999995e-06
-2.1350753333333328e-06,326541.5,33297.966173333334,1.2665835333333334e-05,0.0004865313333333,0.0542631483333333,3.3459058e-06,230.78365,3.9847907666666655,-2.210002933333333,-0.0003997066666666,-6.132983933333333e-07
-3.978666666666666e-06,326550.75333333336,33298.90975333333,1.2677833333333334e-05,0.0004882993333333,0.0526304366666666,3.3455717000000005e-06,230.91728666666663,4.0125486666666665,-2.9241514333333334,0.0004374893333333,2.380403166666666e-06
-2.7071386666666668e-06,326565.3733333333,33300.40057666667,1.2686109e-05,0.0004904016666666,0.0524464663333333,3.345554733333333e-06,231.06013,3.804713533333333,-3.402617766666667,0.0010615586666666,2.489199233333333e-06
5.521039666666667e-06,326467.3733333333,33290.40735666667,1.2699563333333331e-05,0.000489669,0.0546303236666666,3.3442945e-06,230.7735133333333,3.025445,-2.652606366666667,0.0004049503333333,9.81825e-07
4.660326666666667e-06,326511.39666666667,33294.89649333333,1.2699091666666663e-05,0.0004865939999999,0.0510272413333333,3.3451269666666668e-06,230.90790666666663,3.238000266666667,-2.864765225,-0.0004676866666666,-4.32710000000002e-08
3.560414333333332e-06,326369.19,33280.39544666667,1.2696775e-05,0.0004806713333333,0.0533983419999999,3.343166066666667e-06,230.50234,3.3925813,-2.4583651333333334,0.0001140656666666,-2.4240648333333333e-06
-5.079109000000001e-06,326298.42,33273.17891333334,1.26850475e-05,0.000488547,0.0534442473333333,3.344303566666667e-06,231.03869333333333,2.4499517333333336,-0.7544341553333332,0.0013482806666666,-2.9672254366666663e-06
-5.513480166666667e-06,326295.74666666664,33272.90631333333,1.2701192166666666e-05,0.0004902176666666,0.0515312476666666,3.3439142666666668e-06,231.15136666666663,3.0552586,0.2414637,-0.000470421,9.224509999999985e-08
2.5185245666666667e-06,326247.99333333335,33268.03682666667,1.2706828e-05,0.000492674,0.0535157196666666,3.3422788e-06,230.95361,3.3812722,0.4239598979999998,0.0006281876666666,1.3101789e-06
2.632029733333333e-06,326229.93333333335,33266.19521666667,1.2704067666666669e-05,0.0004968193333333,0.0524659203333333,3.3418355e-06,231.11835333333337,4.991156873333333,-0.1773698166666666,0.0008366506666666,1.4016443333333331e-06
2.4445100000000003e-06,326278.9466666667,33271.193186666664,1.2707465e-05,0.0004965066666666,0.051971227,3.3411376e-06,231.18617333333336,6.443554800000001,-0.7117353,0.0006282306666666,5.332050000000001e-07
-2.6841426e-06,326447.7866666667,33288.41007333333,1.2698373833333334e-05,0.000492536,0.0502532846666666,3.3420359e-06,231.32272666666665,6.464372766666667,-2.3272708000000004,0.0001790246666666,-9.650963333333331e-07
-7.666646333333333e-06,326515.20666666667,33295.285,1.2704170666666669e-05,0.000495646,0.0513933986666666,3.3416645e-06,231.16564666666667,4.109152766666667,-1.8762829666666667,0.0007472673333333,1.5046433333333264e-07
8.860028566666668e-07,326526.95666666667,33296.48317,1.2732972333333331e-05,0.0004881236666666,0.0543714786666666,3.3388933e-06,230.48422,3.527615533333333,-0.7682848,-0.001669388,2.426397666666666e-06
1.6867381666666677e-06,326610.30666666664,33304.98250333333,1.2743979166666668e-05,0.000491852,0.0531779286666666,3.338603133333333e-06,230.56599333333327,3.8007576066666666,-0.3527123666666666,-0.0012262746666666,4.75566e-06
1.290448666666667e-06,326655.7133333333,33309.61269666667,1.2748793000000002e-05,0.000491853,0.052537215,3.337181e-06,230.62518666666665,3.5455642,1.1413781866666668,0.0010794336566666,1.6758252e-07
-3.0165846666666667e-06,326723.12666666665,33316.486939999995,1.2769356e-05,0.0004964713333333,0.0483851376666666,3.3363045333333333e-06,230.88745333333333,4.809660566666667,2.2234418,-0.0012458189999999,6.858603666666667e-07
6.389352333333335e-06,326678.06,33311.89142,1.2779935666666666e-05,0.0004956093333333,0.0517942163333333,3.3327808666666665e-06,230.42264,5.580277733333333,1.9584620666666663,-2.0112333333333385e-05,-6.261510000000002e-07
-1.5863405999999996e-06,326695.7133333333,33313.69156,1.2767228666666668e-05,0.000502093,0.0512725289999999,3.3329618666666667e-06,230.84234666666669,7.100771633333333,2.031745633333333,-0.0001920443333333,-7.056584333333334e-07
6.83673333333333e-07,326753.96,33319.63106666666,1.2767256e-05,0.0005075353333333,0.0518756806666666,3.3329527666666667e-06,230.8461633333333,7.861887,1.9371741333333328,-0.0010002373333333,2.3726779333333334e-06
6.278237333333334e-06,326800.51666666666,33324.37852666667,1.2769781666666669e-05,0.000508424,0.0541438043333333,3.3319323e-06,230.71689,8.4285891,0.2179066333333333,-0.000279028,1.0281691333333332e-06
4.115451700000001e-06,326832.4666666667,33327.63652,1.2762448e-05,0.0005111903333333,0.0538373816666666,3.330612933333333e-06,230.81600666666668,8.102627833333333,-2.0829071000000003,0.000133709,-7.586333333333332e-07
-7.208872000000001e-06,326775.9,33321.868323333336,1.2744520166666668e-05,0.0005190129999999,0.0526930566666666,3.329462733333333e-06,231.0819633333333,7.024795066666667,-2.2452632666666665,0.001017142,9.066883333333332e-07
-1.249e-05,326838.35333333333,33328.23679333334,1.2694170166666666e-05,0.0005248576666666,0.0496246263333333,3.3294873e-06,231.27731000000003,5.230504666666667,-1.530805966666667,-0.0002415296666666,6.5223835e-06
5.159477666666666e-06,326836.39,33328.03658666666,1.2709894333333332e-05,0.0005206213333333,0.0523139663333333,3.327191166666666e-06,230.54351,4.0314855666666665,-1.1703169999999998,-0.0002284203333333,8.956916733333334e-06
1.3689407333333334e-05,326902.5466666667,33334.78269,1.2703472333333333e-05,0.0005179626666666,0.051857767,3.3270152666666668e-06,230.60488333333333,4.284843766666667,-1.2059418333333334,4.916633333333335e-05,6.5842213333333335e-06
4.534579999999998e-07,326920.49666666664,33336.61308333334,1.2679362333333332e-05,0.0005200589999999,0.0495608793333333,3.3273775666666664e-06,231.30917,3.8811060666666655,-0.5330766866666666,0.0013995796666666,3.579802533333333e-06
-6.484351333333334e-06,326942.06,33338.81192666667,1.2685037e-05,0.0005198883333333,0.049713269,3.326302833333333e-06,231.09488,4.200843833333333,0.2781820666666667,-0.0019176553333333,4.88665e-06
2.7101646666666664e-06,326818.12,33326.17357,1.2689595166666668e-05,0.0005142906666666,0.054200683,3.3236841333333333e-06,230.41220666666663,4.292130433333333,0.6033579333333333,-0.0009977026666666,5.333763866666667e-06
-3.879014666666667e-06,326679.7133333333,33312.060013333336,1.2679209333333332e-05,0.0005148336666666,0.0569010369999999,3.323366433333333e-06,230.42910666666668,4.524791933333333,1.37286022,0.0008746313333333,4.197885366666667e-06
-3.675127333333333e-06,326653.30666666664,33309.36728,1.2692411e-05,0.0005180583333333,0.055193762,3.322718533333333e-06,230.43879666666663,5.481678766666666,2.8017909000000003,-0.0005133603333333,5.764278899999999e-06
3.6149816e-06,326599.41333333333,33303.871693333334,1.2714845333333334e-05,0.0005184256666666,0.0576066686666666,3.3197451e-06,229.84377,7.151915666666667,2.2428391666666667,-0.0005392626666666,6.5566903333333335e-06
8.168032833333334e-06,326557.3733333333,33299.58480333334,1.2715835666666666e-05,0.000518618,0.059340836,3.318006133333333e-06,229.82539666666665,7.750518100000001,1.3219922666666666,0.001208502,3.9179179e-06
-4.904884e-06,326570.60333333333,33300.93389,1.2696205e-05,0.000524542,0.057058083,3.319515933333333e-06,230.75925333333336,7.680785,1.3540652,0.0019774466666666,3.1780677000000003e-06
-1.0854049833333337e-05,326617.8733333333,33305.75409,1.2721794666666667e-05,0.0005240016666666,0.0514522666666666,3.3197517333333334e-06,231.01479,7.749520866666667,1.4521096333333334,0.000966096,7.552255e-06
-1.1590333333333326e-06,326959.9366666667,33340.63484,1.2740606e-05,0.0005096463333333,0.0492253603333333,3.317733333333333e-06,230.4433833333333,7.938757666666667,1.338133866666667,-0.002841211,1.0491384e-05
-2.736201666666667e-06,326918.6433333333,33336.42409666666,1.2761436333333333e-05,0.0005011086666666,0.050688773,3.3148044e-06,229.98,7.501817333333332,1.4384260966666669,-0.0014282936666666,1.0971337233333334e-05
1.6781393333333332e-06,326936.81,33338.27657666666,1.2797086333333331e-05,0.0004890063333333,0.0545936846666666,3.3105004e-06,229.19959,7.2291308,1.4186098429999998,-0.000293606,9.0880891e-06
7.561225666666668e-07,326979.96,33342.676653333336,1.2820158e-05,0.0004847736666666,0.055118603,3.3081557e-06,229.09374,7.3998444,1.7054518233333331,-0.001476125,7.414502299999999e-06
-2.278083333333333e-06,327032.49333333335,33348.03356333334,1.2837084e-05,0.0004843283333333,0.0535157153333333,3.3064722e-06,229.32780666666667,7.0295134,1.7839207333333336,-1.0191333333333335e-05,6.746894833333333e-06
7.634151733333334e-06,327013.79333333333,33346.126696666666,1.2841294666666668e-05,0.0004837456666666,0.0558094566666666,3.3040724e-06,229.4210133333333,7.5400019,2.2610213666666668,-0.0020256686666666,3.9426255666666665e-06
1.8247320000000003e-06,327029.08,33347.6855,1.2826924333333331e-05,0.0004841056666666,0.0573553203333333,3.303039833333333e-06,229.65684666666667,8.129532333333334,2.9145710166666667,-0.0008380223333333,2.3714127666666664e-06
4.815918333333334e-06,327047.88333333336,33349.60290333333,1.2826556e-05,0.0004811263333333,0.0593298886666666,3.301112266666667e-06,229.59518,8.9700222,2.5809164,-0.00076136,1.3428456666666667e-06
6.4144136666666685e-06,327160.82,33361.11924,1.2830069166666668e-05,0.000472891,0.0608283646666666,3.2989022e-06,229.33097333333333,9.628796,1.7099636333333332,-0.0013544463333333,-1.681625e-06
4.2066902666666665e-06,327178.69,33362.94147666667,1.28246555e-05,0.0004721949999999,0.063206084,3.297083233333333e-06,229.2018833333333,9.6162231,1.60256668,-0.000364838,-1.9605363333333334e-06
6.163300000000004e-07,327268.31666666665,33372.08084666667,1.2811840666666667e-05,0.0004772826666666,0.0630864543333333,3.2970516666666666e-06,229.51387666666665,9.6185061,1.0000821333333334,0.0005127883333333,-2.0165420000000004e-06
-2.680263333333334e-06,327265.48,33371.791593333335,1.2801433e-05,0.0004854006666666,0.06142734,3.2977886666666664e-06,229.83661,9.481578333333331,0.0574986,0.0014315133333333,-9.638419999999997e-07
-1.2913733333333333e-06,327366.4366666667,33382.086306666664,1.2806739333333332e-05,0.0004926879999999,0.0560739613333333,3.298218566666667e-06,229.95768666666663,7.744915466666666,-0.1183954666666666,0.0004466956666666,1.5311356666666673e-06
6.940114666666658e-07,327365.19,33381.95918333333,1.2848461666666664e-05,0.0004899706666666,0.0537269806666666,3.2980424000000005e-06,229.7010833333333,6.914434833333334,0.0996519533333333,0.0003426079999999,2.2308539e-06
8.043163333333331e-07,327438.46,33389.43064333333,1.2870771166666666e-05,0.0004904093333333,0.0532542183333333,3.298821533333333e-06,229.6719533333333,6.9558968000000005,-0.0252384466666666,0.0001906786666666,3.1288206e-06
2.6479731666666668e-06,327353.98,33380.81608,1.2857700666666663e-05,0.000493381,0.055336132,3.3004262333333337e-06,229.68645,6.800346233333333,0.6780598233333336,8.31113333333333e-05,4.1640347466666665e-06
-1.157441333333334e-06,327273.88,33372.648153333335,1.2842045666666666e-05,0.0004942033333333,0.0559782496666666,3.3019292666666668e-06,229.8348733333333,6.582994466666666,1.3418096000000002,0.001102321,2.959503566666667e-06
5.551596666666663e-07,327226.9266666667,33367.860243333336,1.28474055e-05,0.0004934366666666,0.0548057003333333,3.3031923e-06,229.9502733333333,7.308120333333334,1.59751026,-0.000732358,2.730961566666668e-06
2.1359833333333333e-06,327081.8566666667,33353.06722333333,1.2848784333333332e-05,0.0004888153333333,0.0594630386666666,3.3029813e-06,229.6102033333333,8.150135,0.8881544233333334,-0.0004679493333333,1.677004333333334e-06
-4.6184510333333325e-06,327017.58666666667,33346.51350666667,1.2820397333333332e-05,0.0004863096666666,0.063057058,3.3038141e-06,229.55059666666668,8.8103749,0.0377867,-0.0002269794406666,1.4128436666666669e-06
-3.6707199e-06,327014.56666666665,33346.20555,1.2798687e-05,0.000485899,0.0644284656666666,3.303667333333333e-06,229.4647733333333,8.658562433333332,0.2123642000000001,-0.0001820943333333,3.481403033333333e-06
-2.1565166666666667e-06,326885.10000000003,33333.003626666665,1.2782266666666666e-05,0.0004915516666666,0.06620358,3.3037404e-06,229.49652333333333,8.878375333333333,0.0578762999999999,0.0007316603333333,4.037603633333334e-06
-9.220961733333331e-06,326895.52,33334.06617,1.2778009666666668e-05,0.0005026043333333,0.0620410086666666,3.3047239e-06,229.84282,9.206509333333337,0.0662998166666666,0.0008655136666666,6.716569e-06
-6.418242666666667e-06,326923.8733333333,33336.95740666666,1.2794314e-05,0.000508838,0.0582838293333333,3.3032250333333338e-06,229.62485,9.648270466666666,0.3581956000000001,0.0004745693333333,1.1994568133333334e-05
5.222928333333335e-07,327077.25333333336,33352.597813333334,1.2760993833333332e-05,0.000503385,0.0575909453333333,3.3012108e-06,229.09637666666663,9.491923,-0.9299978,-0.000683201,1.1473343333333331e-05
1.067866666666667e-07,327146.3566666667,33359.64439,1.2737247333333334e-05,0.0005007603333333,0.05977388,3.2996112666666667e-06,228.7284,9.530348766666668,-0.9616985333333332,-0.0005722599999999,1.1367774333333335e-05
5.646827633333333e-06,327158.88,33360.92141666667,1.271549e-05,0.0004927206666666,0.0618294826666666,3.2972502666666666e-06,228.32058,9.388836133333331,-1.25515248,-0.0002006026666666,1.0631799233333333e-05
1.0014611733333332e-05,327082.4066666667,33353.123303333334,1.2679153333333332e-05,0.000486636,0.0660938386666666,3.2958605666666666e-06,228.0227166666667,8.812517166666668,-0.7246089433333333,-0.00122839562,8.4805394e-06
1.5346437333333334e-05,327129.1233333333,33357.88708,1.2662731666666666e-05,0.0004805243333333,0.0701072493333333,3.294282333333333e-06,227.61929666666663,9.9613119,-0.38206666,-0.003191029,6.835138e-06
1.827546113333333e-05,327064.82666666666,33351.33064333333,1.2639494666666668e-05,0.0004749356666666,0.0769327903333333,3.293503133333333e-06,227.40172666666663,9.963764,-0.6477636533333333,0.0004477059999999,-6.267414333333339e-07
9.841596e-06,327035.1433333333,33348.303786666664,1.2631712666666669e-05,0.0004695906666666,0.0735594206666666,3.2938891e-06,227.88031333333333,10.7257775,-1.14170656,0.000590854,-5.330447333333333e-06
-7.103333333333334e-06,327032.5466666667,33348.039,1.2641351833333333e-05,0.0004674986666666,0.0650566226666666,3.295765666666666e-06,228.84844,10.129658333333332,-1.8053881333333333,0.0025841466666666,-7.939020999999999e-06
-8.906599333333334e-06,327067.67,33351.620586666664,1.2675496666666666e-05,0.0004651953333333,0.0584261393333333,3.295771433333333e-06,229.22610666666665,10.259649,-2.274313844,-0.0003953276666666,-6.470887e-06
-1.3047064666666664e-05,327168.56666666665,33361.909179999995,1.2693528166666666e-05,0.0004692286666666,0.0558257613333333,3.2961731e-06,229.47407,10.029629666666668,-3.1282282,0.000439254,-2.5107561666666664e-06
-8.692199e-06,327335.1066666667,33378.891533333335,1.2707834833333336e-05,0.0004761786666666,0.057662803,3.2958008e-06,229.23791666666668,9.702892666666664,-4.005077366666667,-0.0025007016666666,1.620338e-06
-3.787963333333332e-06,327222.7966666667,33367.43910333333,1.2717197333333334e-05,0.0004781606666666,0.0640482083333333,3.2939348666666666e-06,228.63959333333327,8.807271133333332,-4.027868466666667,-0.0016199176666666,2.106852466666667e-06
5.004896766666667e-06,327094.33666666667,33354.33982666667,1.2706756833333333e-05,0.0004824479999999,0.064798992,3.293119033333333e-06,228.4602833333333,7.918799566666667,-4.3243246,-0.000929466,3.9064986666666656e-06
5.819342666666666e-06,327148.23,33359.83542,1.2710479333333334e-05,0.0004888796666666,0.0670944419999999,3.2937872e-06,228.56285666666668,7.492520566666666,-4.1796717,-0.00027542,2.822899566666666e-06
3.370723e-06,326976.12,33342.28508333333,1.2704560666666664e-05,0.0004987426666666,0.069282364,3.2936811e-06,228.59024,7.07695,-4.3685611,8.39148299999999e-05,4.879684866666667e-06
-4.096832666666667e-06,327018.48,33346.60460333333,1.2696447333333333e-05,0.0005071873333333,0.0627888263333333,3.2951293000000004e-06,229.05354333333327,8.135989666666667,-3.513465233333333,-2.296333333333458e-06,6.524504166666668e-06
1.3406051833333334e-05,326967.0466666667,33341.359860000004,1.2706271333333334e-05,0.0005001643333333,0.0691157803333333,3.292974766666667e-06,228.0811,7.261900433333333,-3.595124833333333,-0.0001687166666666,6.337331666666666e-06
1.0370196666666663e-06,326811.7266666666,33325.52162666667,1.26835205e-05,0.000501056,0.064733729,3.295368833333333e-06,228.5159233333333,7.3104416,-3.202268586666667,1.4233999999999978e-05,4.673808866666666e-06
6.128974113333333e-06,326620.17333333334,33305.988626666665,1.2673964666666669e-05,0.00049665,0.0688688493333333,3.2956386666666663e-06,228.0394433333333,6.935078,-3.17484051,-0.000291979,2.326686633333333e-06
-1.14750972e-05,326524.52,33296.23469666667,1.2643904333333332e-05,0.000507605,0.0668470606666666,3.2995297333333334e-06,228.4603233333333,7.013181666666667,-2.292740986666667,0.0009024864943333,4.4802609333333335e-06
-4.377508266666667e-06,326515.96,33295.36182,1.2657336000000002e-05,0.000505721,0.0678243923333333,3.2985963e-06,227.8441,7.975123166666666,-1.7694415999999995,-0.00276717,9.009191566666668e-06
8.0968864e-06,326348.24666666664,33278.25982,1.2659767e-05,0.0005027906666666,0.0773597086666666,3.298029066666667e-06,226.91162,7.386980866666668,-2.5414155,-0.0007258500433333,7.146462566666667e-06
-8.706666666666667e-06,326229.91333333333,33266.19318,1.2619593e-05,0.0005176283333333,0.0755948016666666,3.3038235e-06,227.5667,7.0183382,-2.707196566666667,0.0022725853333333,8.289013033333334e-06
-1.0503333333333332e-05,326218.96,33265.076250000006,1.2593148666666666e-05,0.0005273923333333,0.0710019123333333,3.3082302666666664e-06,227.74109,7.781254433333333,-2.64041452,-0.0004514523333333,1.4003231833333334e-05
5.113303433333334e-06,326269.64666666667,33270.244849999995,1.2539755666666666e-05,0.0005233023333333,0.0757369356666666,3.3122363e-06,227.1928233333333,7.1491371,-3.714233733333333,-0.0013102856666666,1.5374455499999998e-05
8.313028043333333e-06,326200.5733333333,33263.20133,1.2497831666666669e-05,0.0005232433333333,0.0811134833333333,3.3174907666666668e-06,227.2334033333333,6.3608665,-3.5362850333333333,0.0024963823333333,1.1133938633333334e-05
1.1828438999999998e-05,326268.65,33270.14322,1.2476351666666669e-05,0.0005130263333333,0.0829213403333333,3.320325366666667e-06,226.9980933333333,6.335776333333333,-2.8055636,-0.0003184383333333,7.868543666666667e-06
-4.905433333333335e-06,326355.29333333333,33278.978376666666,1.2449081833333332e-05,0.0005141293333333,0.0732300923333333,3.326275833333333e-06,227.5943533333333,6.3408595666666665,-1.957244566666667,0.0010952156666666,8.293577166666668e-06
-6.825498333333335e-06,326376.5233333334,33281.14323666666,1.24347445e-05,0.0005154623333333,0.0662297753333333,3.329450933333333e-06,227.8106833333333,7.579327233333333,-2.030083153333333,0.0001183596666666,1.0862594666666665e-05
-1.0838156666666664e-06,326337.6666666667,33277.18096333333,1.2430302999999998e-05,0.0005169203333333,0.0671624456666666,3.3319102e-06,227.7397633333333,7.145895566666667,-1.8098269446666668,-9.437933333333328e-05,1.2006067133333331e-05
-3.260425666666666e-06,326345.98,33278.02868333333,1.2415080666666667e-05,0.0005236916666666,0.066507853,3.3347420333333336e-06,228.0385233333333,7.691910533333334,-1.9141515666666664,-0.000665583,1.1390896e-05
7.581692566666668e-06,326357.24666666664,33279.17756333333,1.2427222666666668e-05,0.0005206073333333,0.0715836853333333,3.3330389e-06,227.40171333333333,8.7822942,-1.9874024666666663,-0.0033094356666666,1.07595225e-05
7.713192333333332e-06,326359.51666666666,33279.40904,1.2414627e-05,0.0005197326666666,0.079608385,3.3362615333333336e-06,227.20107666666664,8.2637071,-3.060176833333333,-0.0011356066666666,7.427936766666667e-06
-2.1811268666666666e-06,326384.18333333335,33281.92434333334,1.2397149666666666e-05,0.0005224403333333,0.080091968,3.3380848e-06,227.21742666666668,8.652813,-4.150985066666666,-0.0011950995576666,9.738767533333332e-06
1.1525366000000002e-05,326378.23333333334,33281.31761,1.2358644666666667e-05,0.0005261056666666,0.0879049299999999,3.3427065333333334e-06,226.98158333333333,7.592450833333333,-4.952744833333333,-0.000664235,1.0698189e-05
-3.458533333333332e-06,326323.35333333333,33275.72140666667,1.2293806833333332e-05,0.000537798,0.0907379146666666,3.3511133e-06,227.8862466666667,6.177734399999999,-5.020612966666667,0.0019865696666666,9.4810855e-06
8.888689666666667e-07,326342.0466666667,33277.627596666665,1.2264274666666666e-05,0.000520737,0.0801194453333333,3.3524269e-06,227.70015,5.520460766666667,-3.9111981,0.0001540059999999,8.854158333333334e-06
2.920006e-06,326429.81,33286.57696666667,1.2240681333333332e-05,0.00052084,0.072705034,3.359733166666666e-06,227.9611033333333,5.080532066666667,-4.292669266666667,-0.0009053849999999,8.7089349e-06
5.889076933333334e-06,326243.0,33267.52764666666,1.2214303666666664e-05,0.0005179036666666,0.0821182926666666,3.3642191e-06,227.4689233333333,5.0445435666666665,-4.553606766666666,0.002289797,5.910004900000001e-06
-6.7163907e-06,326268.94,33270.17279,1.2183533333333336e-05,0.0005235663333333,0.0752443326666666,3.3701441333333333e-06,228.28779,5.225536333333333,-4.019611066666666,0.0011996773333333,5.084551733333333e-06
-8.13913e-06,326230.73,33266.27645333333,1.2173767833333334e-05,0.0005263136666666,0.0771998086666666,3.3710084333333333e-06,228.11701666666667,3.4886820433333336,-3.0367933666666667,-0.00012126893,7.832425166666666e-06
4.645616666666664e-07,326158.48333333334,33258.90934666667,1.2172994166666664e-05,0.0005310786666666,0.0782410413333333,3.3697652000000003e-06,228.0545,4.634349133333333,-3.5978098000000003,-0.0008794796666666,1.1410360666666669e-05
