datetime,peak_power,loss
2025/10/1 0:00,-79.57012684,1.010126837
2025/10/1 1:00,-79.48337966,0.923379661
2025/10/1 2:00,-79.5176492,0.957649197
2025/10/1 3:00,-79.5443686,0.984368598
2025/10/1 4:00,-79.48827474,0.928274744
2025/10/1 5:00,-79.48012822,0.920128222
2025/10/1 6:00,-79.38891689,0.828916885
2025/10/1 7:00,-79.45422058,0.894220576
2025/10/1 8:00,-79.44564271,0.885642706
2025/10/1 9:00,-79.56870133,1.008701329
2025/10/1 10:00,-79.53411106,0.974111063
2025/10/1 11:00,-79.63529676,1.075296759
2025/10/1 12:00,-79.60810536,1.048105357
2025/10/1 13:00,-79.64878718,1.088787181
2025/10/1 14:00,-79.53151014,0.971510143
2025/10/1 15:00,-79.56404718,1.004047181
2025/10/1 16:00,-79.55641205,0.996412052
2025/10/1 17:00,-79.46997083,0.909970826
2025/10/1 18:00,-79.56769401,1.007694006
2025/10/1 19:00,-79.42595251,0.86595251
2025/10/1 20:00,-79.49256643,0.932566429
2025/10/1 21:00,-79.43961767,0.879617671
2025/10/1 22:00,-79.45693422,0.896934224
2025/10/1 23:00,-79.49304902,0.933049018
2025/10/2 0:00,-79.51516312,0.955163116
2025/10/2 1:00,-79.49124357,0.931243565
2025/10/2 2:00,-79.46412547,0.90412547
2025/10/2 3:00,-79.46747033,0.907470328
2025/10/2 4:00,-79.35647488,0.796474883
2025/10/2 5:00,-79.37427025,0.814270254
2025/10/2 6:00,-79.42058059,0.860580589
2025/10/2 7:00,-79.44006598,0.880065981
2025/10/2 8:00,-79.52597027,0.965970272
2025/10/2 9:00,-79.50200203,0.942002035
2025/10/2 10:00,-79.60879574,1.048795737
2025/10/2 11:00,-79.65103706,1.091037058
2025/10/2 12:00,-79.59431251,1.034312505
2025/10/2 13:00,-79.52722614,0.967226135
2025/10/2 14:00,-79.49035903,0.930359034
2025/10/2 15:00,-79.48380989,0.923809892
2025/10/2 16:00,-79.59255038,1.032550377
2025/10/2 17:00,-79.53001585,0.970015851
2025/10/2 18:00,-79.56122085,1.001220846
2025/10/2 19:00,-79.53112377,0.971123766
2025/10/2 20:00,-79.56951069,1.009510694
2025/10/2 21:00,-79.51351565,0.95351565
2025/10/2 22:00,-79.4934172,0.933417202
2025/10/2 23:00,-79.51210087,0.952100868
2025/10/3 0:00,-79.54927291,0.989272906
2025/10/3 1:00,-79.56418543,1.004185427
2025/10/3 2:00,-79.5926405,1.032640505
2025/10/3 3:00,-79.53887807,0.978878069
2025/10/3 4:00,-79.53334639,0.973346392
2025/10/3 5:00,-79.52948579,0.96948579
2025/10/3 6:00,-79.46529679,0.905296792
2025/10/3 7:00,-79.52119857,0.96119857
2025/10/3 8:00,-79.58582003,1.025820028
2025/10/3 9:00,-79.5746345,1.014634505
2025/10/3 10:00,-79.56344898,1.003448982
2025/10/3 11:00,-79.55226346,0.992263458
2025/10/3 12:00,-79.54107794,0.981077935
2025/10/3 13:00,-79.52989241,0.969892412
2025/10/3 14:00,-79.53658669,0.976586693
2025/10/3 15:00,-79.58559197,1.025591971
2025/10/3 16:00,-79.63526746,1.075267462
2025/10/3 17:00,-79.62471234,1.064712339
2025/10/3 18:00,-79.5673546,1.007354601
2025/10/3 19:00,-79.57793894,1.01793894
2025/10/3 20:00,-79.61391804,1.053918041
2025/10/3 21:00,-79.52892172,0.968921724
2025/10/3 22:00,-79.57456915,1.014569148
2025/10/3 23:00,-79.58131526,1.021315261
2025/10/4 0:00,-79.5402883,0.980288303
2025/10/4 1:00,-79.54057638,0.980576379
2025/10/4 2:00,-79.54205254,0.982052544
2025/10/4 3:00,-79.4373386,0.877338603
2025/10/4 4:00,-79.55225338,0.992253383
2025/10/4 5:00,-79.54556321,0.985563213
2025/10/4 6:00,-79.50192888,0.94192888
2025/10/4 7:00,-79.47888997,0.918889969
2025/10/4 8:00,-79.54814859,0.988148587
2025/10/4 9:00,-79.53383405,0.973834046
2025/10/4 10:00,-79.59408401,1.034084009
2025/10/4 11:00,-79.62132683,1.061326826
2025/10/4 12:00,-79.58988119,1.029881189
2025/10/4 13:00,-79.57853375,1.01853375
2025/10/4 14:00,-79.56643632,1.006436317
2025/10/4 15:00,-79.58403859,1.024038591
2025/10/4 16:00,-79.5197559,0.959755897
2025/10/4 17:00,-79.56042438,1.000424376
2025/10/4 18:00,-79.57624052,1.016240525
2025/10/4 19:00,-79.53272135,0.972721352
2025/10/4 20:00,-79.4954437,0.935443695
2025/10/4 21:00,-79.57490016,1.014900164
2025/10/4 22:00,-79.59332721,1.033327206
2025/10/4 23:00,-79.64480119,1.084801194
2025/10/5 0:00,-79.61808799,1.058087989
2025/10/5 1:00,-79.60196937,1.04196937
2025/10/5 2:00,-79.50970348,0.94970348
2025/10/5 3:00,-79.60854198,1.048541982
2025/10/5 4:00,-79.59625389,1.036253888
2025/10/5 5:00,-79.7112538,1.151253795
2025/10/5 6:00,-79.68743145,1.127431448
2025/10/5 7:00,-79.71927411,1.159274112
2025/10/5 8:00,-79.70596899,1.145968991
2025/10/5 9:00,-79.68880769,1.128807693
2025/10/5 10:00,-79.7449925,1.184992503
2025/10/5 11:00,-79.69765456,1.137654557
2025/10/5 12:00,-79.59046058,1.030460582
2025/10/5 13:00,-79.78467167,1.224671673
2025/10/5 14:00,-79.72280396,1.162803958
2025/10/5 15:00,-79.78238149,1.222381486
2025/10/5 16:00,-80.10879616,1.548796164
2025/10/5 17:00,-80.1150064,1.555006403
2025/10/5 18:00,-79.95767327,1.397673265
2025/10/5 19:00,-79.77727366,1.217273659
2025/10/5 20:00,-79.65575051,1.095750509
2025/10/5 21:00,-80.75095344,2.190953444
2025/10/5 22:00,-81.64317014,3.083170143
2025/10/5 23:00,-81.47347586,2.913475865
2025/10/6 0:00,-81.62608382,3.066083818
2025/10/6 1:00,-81.82053199,3.260531987
2025/10/6 2:00,-81.79116563,3.231165626
2025/10/6 3:00,-81.30847891,2.748478911
2025/10/6 4:00,-80.91197078,2.35197078
2025/10/6 5:00,-80.43064895,1.870648945
2025/10/6 6:00,-79.99848768,1.438487681
2025/10/6 7:00,-79.77292288,1.212922882
2025/10/6 8:00,-79.61648208,1.056482081
2025/10/6 9:00,-79.43321549,0.873215487
2025/10/6 10:00,-79.4221166,0.862116603
2025/10/6 11:00,-79.47590279,0.91590279
2025/10/6 12:00,-79.46376465,0.903764654
2025/10/6 13:00,-79.58479102,1.024791022
2025/10/6 14:00,-79.55428557,0.994285566
2025/10/6 15:00,-79.45381951,0.893819506
2025/10/6 16:00,-79.47158431,0.911584309
2025/10/6 17:00,-79.44482289,0.884822892
2025/10/6 18:00,-79.41932526,0.859325261
2025/10/6 19:00,-79.42888065,0.868880645
2025/10/6 20:00,-79.40950311,0.849503111
2025/10/6 21:00,-79.45345584,0.893455844
2025/10/6 22:00,-79.47345451,0.913454511
2025/10/6 23:00,-79.43590773,0.875907734
2025/10/7 0:00,-79.49539021,0.935390214
2025/10/7 1:00,-79.50943955,0.949439553
2025/10/7 2:00,-79.61519452,1.055194521
2025/10/7 3:00,-79.6825403,1.122540299
2025/10/7 4:00,-79.59634546,1.036345465
2025/10/7 5:00,-79.53377478,0.973774779
2025/10/7 6:00,-79.52514517,0.965145171
2025/10/7 7:00,-79.51004523,0.950045227
2025/10/7 8:00,-79.52107923,0.961079227
2025/10/7 9:00,-79.53337774,0.973377742
2025/10/7 10:00,-79.58192285,1.021922851
2025/10/7 11:00,-79.61710587,1.057105875
2025/10/7 12:00,-79.53573792,0.975737917
2025/10/7 13:00,-79.52009269,0.960092687
2025/10/7 14:00,-79.50134836,0.941348359
2025/10/7 15:00,-79.5435279,0.983527902
2025/10/7 16:00,-79.54689693,0.986896928
2025/10/7 17:00,-79.50653978,0.946539776
2025/10/7 18:00,-79.4169939,0.856993897
2025/10/7 19:00,-79.48547784,0.925477839
2025/10/7 20:00,-79.58320814,1.023208142
2025/10/7 21:00,-79.46916796,0.909167964
2025/10/7 22:00,-79.56706203,1.007062034
2025/10/7 23:00,-79.5331477,0.973147698
2025/10/8 0:00,-79.43051531,0.870515309
2025/10/8 1:00,-79.4418606,0.881860599
2025/10/8 2:00,-79.59358284,1.033582835
2025/10/8 3:00,-79.45330104,0.893301042
2025/10/8 4:00,-79.47705009,0.917050087
2025/10/8 5:00,-79.73734235,1.177342349
2025/10/8 6:00,-79.93654148,1.376541485
2025/10/8 7:00,-80.915896,2.355896004
2025/10/8 8:00,-80.82655086,2.26655086
2025/10/8 9:00,-80.02713451,1.467134509
2025/10/8 10:00,-79.90929204,1.349292043
2025/10/8 11:00,-80.54512567,1.985125666
2025/10/8 12:00,-80.22293037,1.662930366
2025/10/8 13:00,-81.29803435,2.738034352
2025/10/8 14:00,-82.17930431,3.619304312
2025/10/8 15:00,-82.79383621,4.23383621
2025/10/8 16:00,-82.66834853,4.108348526
2025/10/8 17:00,-82.32592534,3.765925342
2025/10/8 18:00,-82.50323192,3.943231917
2025/10/8 19:00,-83.05246097,4.492460966
2025/10/8 20:00,-83.26312836,4.70312836
2025/10/8 21:00,-82.56797222,4.007972221
2025/10/8 22:00,-81.90343119,3.343431195
2025/10/8 23:00,-81.92476945,3.364769451
2025/10/9 0:00,-81.64548108,3.085481084
2025/10/9 1:00,-81.87321686,3.313216865
2025/10/9 2:00,-81.83474742,3.274747421
2025/10/9 3:00,-83.02365634,4.463656344
2025/10/9 4:00,-82.76235006,4.20235006
2025/10/9 5:00,-82.3970572,3.837057198
2025/10/9 6:00,-82.51528447,3.95528447
2025/10/9 7:00,-81.66892286,3.108922858
2025/10/9 8:00,-81.83968992,3.279689925
2025/10/9 9:00,-81.52676001,2.966760007
2025/10/9 10:00,-80.91882473,2.358824728
2025/10/9 11:00,-80.85135896,2.291358958
2025/10/9 12:00,-82.37516209,3.815162092
2025/10/9 13:00,-82.83883486,4.278834864
2025/10/9 14:00,-81.7470488,3.187048797
2025/10/9 15:00,-80.85973661,2.299736612
2025/10/9 16:00,-80.4400838,1.880083803
2025/10/9 17:00,-80.14258963,1.582589626
2025/10/9 18:00,-79.65880083,1.098800833
2025/10/9 19:00,-79.61927248,1.059272483
2025/10/9 20:00,-79.6345387,1.074538702
2025/10/9 21:00,-80.04958369,1.489583687
2025/10/9 22:00,-81.07109566,2.511095663
2025/10/9 23:00,-80.6584743,2.098474297
2025/10/10 0:00,-80.72700229,2.16700229
2025/10/10 1:00,-80.29480132,1.734801323
2025/10/10 2:00,-80.54381454,1.983814535
2025/10/10 3:00,-79.9577401,1.397740098
2025/10/10 4:00,-79.65956168,1.099561679
2025/10/10 5:00,-79.49506896,0.93506896
2025/10/10 6:00,-79.37446508,0.814465083
2025/10/10 7:00,-79.32587411,0.765874113
2025/10/10 8:00,-79.3215178,0.761517797
2025/10/10 9:00,-79.42178727,0.861787274
2025/10/10 10:00,-79.41116122,0.851161219
2025/10/10 11:00,-79.54264544,0.982645444
2025/10/10 12:00,-79.4859524,0.925952396
2025/10/10 13:00,-80.11933715,1.559337154
2025/10/10 14:00,-81.90766937,3.347669375
2025/10/10 15:00,-81.73464232,3.17464232
2025/10/10 16:00,-80.6396898,2.079689803
2025/10/10 17:00,-80.95223825,2.392238249
2025/10/10 18:00,-83.20131531,4.641315308
2025/10/10 19:00,-82.98214556,4.422145558
2025/10/10 20:00,-86.57022697,8.010226971
2025/10/10 21:00,-84.8749434,6.314943399
2025/10/10 22:00,-83.30373706,4.743737056
2025/10/10 23:00,-81.90188433,3.341884328
2025/10/11 0:00,-81.84889684,3.288896839
2025/10/11 1:00,-80.91031287,2.350312873
2025/10/11 2:00,-80.44044006,1.880440056
2025/10/11 3:00,-79.97756144,1.417561435
2025/10/11 4:00,-79.67343523,1.113435231
2025/10/11 5:00,-79.57071289,1.010712888
2025/10/11 6:00,-79.38289548,0.822895479
2025/10/11 7:00,-79.31724345,0.757243445
2025/10/11 8:00,-79.28390838,0.723908382
2025/10/11 9:00,-79.35395854,0.79395854
2025/10/11 10:00,-79.32648984,0.766489844
2025/10/11 11:00,-79.31755376,0.757553756
2025/10/11 12:00,-79.30922347,0.749223474
2025/10/11 13:00,-79.31509453,0.755094534
2025/10/11 14:00,-79.30021206,0.740212056
2025/10/11 15:00,-79.39406657,0.834066572
2025/10/11 16:00,-79.27723423,0.717234232
2025/10/11 17:00,-79.38696781,0.826967815
2025/10/11 18:00,-79.2760841,0.716084097
2025/10/11 19:00,-79.30647529,0.746475288
2025/10/11 20:00,-79.30314036,0.743140362
2025/10/11 21:00,-79.32570771,0.765707709
2025/10/11 22:00,-79.33713719,0.777137191
2025/10/11 23:00,-79.29089357,0.730893574
2025/10/12 0:00,-79.36382202,0.803822018
2025/10/12 1:00,-79.32792544,0.767925441
2025/10/12 2:00,-79.29792342,0.737923421
2025/10/12 3:00,-79.29257096,0.732570965
2025/10/12 4:00,-79.35012582,0.790125823
2025/10/12 5:00,-79.25713865,0.697138649
2025/10/12 6:00,-79.23200498,0.672004975
2025/10/12 7:00,-79.18330108,0.623301084
2025/10/12 8:00,-79.23935261,0.679352608
2025/10/12 9:00,-79.26132975,0.701329755
2025/10/12 10:00,-79.27928631,0.719286306
2025/10/12 11:00,-79.3240593,0.7640593
2025/10/12 12:00,-79.30402461,0.744024608
2025/10/12 13:00,-79.31995361,0.759953608
2025/10/12 14:00,-79.3610372,0.801037202
2025/10/12 15:00,-79.33932143,0.77932143
2025/10/12 16:00,-79.28865792,0.728657921
2025/10/12 17:00,-79.23892146,0.678921461
2025/10/12 18:00,-79.31908069,0.759080689
2025/10/12 19:00,-79.23374994,0.673749936
2025/10/12 20:00,-79.19235152,0.632351524
2025/10/12 21:00,-79.19652759,0.636527589
2025/10/12 22:00,-79.23084238,0.670842383
2025/10/12 23:00,-79.2412501,0.681250103
2025/10/13 0:00,-79.25822922,0.69822922
2025/10/13 1:00,-79.21117071,0.651170706
2025/10/13 2:00,-79.19734407,0.637344074
2025/10/13 3:00,-79.2101171,0.650117103
2025/10/13 4:00,-79.15863345,0.598633447
2025/10/13 5:00,-79.18958829,0.629588293
2025/10/13 6:00,-79.157146,0.597146003
2025/10/13 7:00,-79.18212086,0.622120864
2025/10/13 8:00,-79.28389767,0.72389767
2025/10/13 9:00,-79.35117343,0.791173429
2025/10/13 10:00,-79.38804001,0.828040005
2025/10/13 11:00,-79.5005013,0.940501295
2025/10/13 12:00,-79.44428289,0.884282891
2025/10/13 13:00,-79.44129054,0.881290541
2025/10/13 14:00,-79.41632032,0.856320317
2025/10/13 15:00,-79.41905281,0.859052813
2025/10/13 16:00,-79.39421865,0.83421865
2025/10/13 17:00,-79.30906452,0.749064521
2025/10/13 18:00,-79.30031718,0.740317177
2025/10/13 19:00,-79.28103233,0.721032328
2025/10/13 20:00,-79.33285185,0.772851848
2025/10/13 21:00,-79.29651572,0.736515715
2025/10/13 22:00,-79.32231759,0.762317594
2025/10/13 23:00,-79.30619483,0.746194832
2025/10/14 0:00,-79.24817823,0.688178234
2025/10/14 1:00,-79.3273377,0.767337699
2025/10/14 2:00,-79.27710628,0.717106278
2025/10/14 3:00,-79.19532689,0.635326894
2025/10/14 4:00,-79.21547117,0.655471172
2025/10/14 5:00,-79.22676948,0.666769481
2025/10/14 6:00,-79.22527398,0.665273978
2025/10/14 7:00,-79.16785106,0.607851064
2025/10/14 8:00,-79.27581,0.715809997
2025/10/14 9:00,-79.35745969,0.797459686
2025/10/14 10:00,-79.39663361,0.836633605
2025/10/14 11:00,-79.48601843,0.926018431
2025/10/14 12:00,-79.49142669,0.931426685
2025/10/14 13:00,-79.38687191,0.826871906
2025/10/14 14:00,-79.37981522,0.819815225
2025/10/14 15:00,-79.38873128,0.828731283
2025/10/14 16:00,-79.35635545,0.79635545
2025/10/14 17:00,-79.36844058,0.808440579
2025/10/14 18:00,-79.33529315,0.775293146
2025/10/14 19:00,-79.33353305,0.773533053
2025/10/14 20:00,-79.31378063,0.753780629
2025/10/14 21:00,-79.27549675,0.715496752
2025/10/14 22:00,-79.29134876,0.73134876
2025/10/14 23:00,-79.23101674,0.671016738
2025/10/15 0:00,-79.2523347,0.692334698
2025/10/15 1:00,-79.24246736,0.682467362
2025/10/15 2:00,-79.26220952,0.702209524
2025/10/15 3:00,-79.26258315,0.702583148
2025/10/15 4:00,-79.28471864,0.724718642
2025/10/15 5:00,-79.30281993,0.742819928
2025/10/15 6:00,-79.3009085,0.7409085
2025/10/15 7:00,-79.27651035,0.716510346
2025/10/15 8:00,-79.27061115,0.710611149
2025/10/15 9:00,-79.26767825,0.707678249
2025/10/15 10:00,-79.29968584,0.739685835
2025/10/15 11:00,-79.37405128,0.814051276
2025/10/15 12:00,-79.41722316,0.857223165
2025/10/15 13:00,-79.51818523,0.958185235
2025/10/15 14:00,-79.48395608,0.923956079
2025/10/15 15:00,-79.4991895,0.939189499
